index,category,directory,filename,index,object_label,scene_label,split
0,breaking,../data/MIT_data/training/breaking,v018_0048.mp4,0,hand,,train
1,breaking,../data/MIT_data/training/breaking,v018_0068.mp4,1,snow,,train
2,frowning,../data/MIT_data/training/frowning,v186_0056.mp4,2,man,,train
3,frowning,../data/MIT_data/training/frowning,v186_0083.mp4,3,man,,train
4,frowning,../data/MIT_data/training/frowning,v186_0055.mp4,4,man,,train
5,frowning,../data/MIT_data/training/frowning,v186_0041.mp4,5,baby,,train
6,frowning,../data/MIT_data/training/frowning,v186_0027.mp4,6,woman,,train
7,frowning,../data/MIT_data/training/frowning,v186_0019.mp4,7,woman,,train
8,frowning,../data/MIT_data/training/frowning,v186_0001.mp4,8,woman,,train
9,frowning,../data/MIT_data/training/frowning,v186_0075.mp4,9,man,,train
10,pushing,../data/MIT_data/training/pushing,v225_0045.mp4,10,hand,,train
11,pushing,../data/MIT_data/training/pushing,v225_0043.mp4,11,man,,train
12,pushing,../data/MIT_data/training/pushing,v225_0031.mp4,12,hand,,train
13,pushing,../data/MIT_data/training/pushing,v225_0015.mp4,13,baby,,train
14,pushing,../data/MIT_data/training/pushing,v225_0003.mp4,14,road,,train
15,pushing,../data/MIT_data/training/pushing,v225_0003.mp4,14,car,,train
16,pushing,../data/MIT_data/training/pushing,v225_0075.mp4,15,baby,,train
17,pushing,../data/MIT_data/training/pushing,v225_0048.mp4,16,baby,,train
18,reading,../data/MIT_data/training/reading,v184_0098.mp4,17,woman,,train
19,reading,../data/MIT_data/training/reading,v184_0098.mp4,17,girl,,train
20,reading,../data/MIT_data/training/reading,v184_0060.mp4,18,woman,,train
21,reading,../data/MIT_data/training/reading,v184_0088.mp4,19,man,,train
22,reading,../data/MIT_data/training/reading,v184_0046.mp4,20,woman,,train
23,reading,../data/MIT_data/training/reading,v184_0047.mp4,21,boy,,train
24,reading,../data/MIT_data/training/reading,v184_0078.mp4,22,man,,train
25,reading,../data/MIT_data/training/reading,v184_0054.mp4,23,woman,,train
26,tattooing,../data/MIT_data/training/tattooing,v319_0090.mp4,24,man,,train
27,tattooing,../data/MIT_data/training/tattooing,v319_0096.mp4,25,man,,train
28,tattooing,../data/MIT_data/training/tattooing,v319_0096.mp4,25,woman,,train
29,tattooing,../data/MIT_data/training/tattooing,v319_0022.mp4,26,girl,,train
30,tattooing,../data/MIT_data/training/tattooing,v319_0007.mp4,27,man,,train
31,tattooing,../data/MIT_data/training/tattooing,v319_0000.mp4,28,girl,,train
32,shouting,../data/MIT_data/training/shouting,v085_0092.mp4,29,man,,train
33,shouting,../data/MIT_data/training/shouting,v085_0092.mp4,29,baby,,train
34,shouting,../data/MIT_data/training/shouting,v085_0019.mp4,30,woman,,train
35,shouting,../data/MIT_data/training/shouting,v085_0006.mp4,31,woman,,train
36,shouting,../data/MIT_data/training/shouting,v085_0098.mp4,32,woman,,train
37,shouting,../data/MIT_data/training/shouting,v085_0098.mp4,32,boy,,train
38,shouting,../data/MIT_data/training/shouting,v085_0071.mp4,33,man,,train
39,photographing,../data/MIT_data/training/photographing,v138_0071.mp4,34,man,,train
40,photographing,../data/MIT_data/training/photographing,v138_0071.mp4,34,woman,,train
41,photographing,../data/MIT_data/training/photographing,v138_0039.mp4,35,man,,train
42,photographing,../data/MIT_data/training/photographing,v138_0007.mp4,36,man,,train
43,photographing,../data/MIT_data/training/photographing,v138_0015.mp4,37,woman,,train
44,photographing,../data/MIT_data/training/photographing,v138_0015.mp4,37,girl,,train
45,photographing,../data/MIT_data/training/photographing,v138_0036.mp4,38,man,,train
46,photographing,../data/MIT_data/training/photographing,v138_0036.mp4,38,boy,,train
47,photographing,../data/MIT_data/training/photographing,v138_0023.mp4,39,girl,,train
48,photographing,../data/MIT_data/training/photographing,v138_0069.mp4,40,girl,,train
49,photographing,../data/MIT_data/training/photographing,v138_0056.mp4,41,man,,train
50,packaging,../data/MIT_data/training/packaging,v191_0021.mp4,42,hand,,train
51,packaging,../data/MIT_data/training/packaging,v191_0059.mp4,43,woman,,train
52,juggling,../data/MIT_data/training/juggling,v253_0039.mp4,44,man,,train
53,juggling,../data/MIT_data/training/juggling,v253_0000.mp4,45,man,,train
54,juggling,../data/MIT_data/training/juggling,v253_0017.mp4,46,man,,train
55,juggling,../data/MIT_data/training/juggling,v253_0003.mp4,47,man,,train
56,juggling,../data/MIT_data/training/juggling,v253_0062.mp4,48,man,,train
57,juggling,../data/MIT_data/training/juggling,v253_0074.mp4,49,grass,,train
58,splashing,../data/MIT_data/training/splashing,v073_0048.mp4,50,water,,train
59,splashing,../data/MIT_data/training/splashing,v073_0074.mp4,51,water,,train
60,splashing,../data/MIT_data/training/splashing,v073_0074.mp4,51,woman,,train
61,splashing,../data/MIT_data/training/splashing,v073_0074.mp4,51,man,,train
62,splashing,../data/MIT_data/training/splashing,v073_0001.mp4,52,water,,train
63,splashing,../data/MIT_data/training/splashing,v073_0001.mp4,52,girl,,train
64,splashing,../data/MIT_data/training/splashing,v073_0016.mp4,53,water,,train
65,splashing,../data/MIT_data/training/splashing,v073_0016.mp4,53,woman,,train
66,splashing,../data/MIT_data/training/splashing,v073_0030.mp4,54,water,,train
67,splashing,../data/MIT_data/training/splashing,v073_0035.mp4,55,water,,train
68,splashing,../data/MIT_data/training/splashing,v073_0035.mp4,55,grass,,train
69,splashing,../data/MIT_data/training/splashing,v073_0035.mp4,55,girl,,train
70,splashing,../data/MIT_data/training/splashing,v073_0043.mp4,56,water,,train
71,running,../data/MIT_data/training/running,v021_0011.mp4,57,grass,,train
72,running,../data/MIT_data/training/running,v021_0003.mp4,58,dog,,train
73,running,../data/MIT_data/training/running,v021_0044.mp4,59,grass,,train
74,running,../data/MIT_data/training/running,v021_0045.mp4,60,dog,,train
75,running,../data/MIT_data/training/running,v021_0045.mp4,60,grass,,train
76,running,../data/MIT_data/training/running,v021_0019.mp4,61,man,,train
77,leaking,../data/MIT_data/training/leaking,v194_0049.mp4,62,water,,train
78,leaking,../data/MIT_data/training/leaking,v194_0048.mp4,63,water,,train
79,leaking,../data/MIT_data/training/leaking,v194_0076.mp4,64,wood,,train
80,leaking,../data/MIT_data/training/leaking,v194_0016.mp4,65,water,,train
81,leaking,../data/MIT_data/training/leaking,v194_0016.mp4,65,car,,train
82,leaking,../data/MIT_data/training/leaking,v194_0045.mp4,66,water,,train
83,leaking,../data/MIT_data/training/leaking,v194_0083.mp4,67,man,,train
84,folding,../data/MIT_data/training/folding,v300_0071.mp4,68,woman,,train
85,folding,../data/MIT_data/training/folding,v300_0015.mp4,69,girl,,train
86,folding,../data/MIT_data/training/folding,v300_0038.mp4,70,hand,,train
87,folding,../data/MIT_data/training/folding,v300_0022.mp4,71,hand,,train
88,folding,../data/MIT_data/training/folding,v300_0082.mp4,72,hand,,train
89,folding,../data/MIT_data/training/folding,v300_0068.mp4,73,man,,train
90,folding,../data/MIT_data/training/folding,v300_0095.mp4,74,hand,,train
91,folding,../data/MIT_data/training/folding,v300_0084.mp4,75,hand,,train
92,pouring,../data/MIT_data/training/pouring,v028_0083.mp4,76,road,,train
93,pouring,../data/MIT_data/training/pouring,v028_0067.mp4,77,water,,train
94,pouring,../data/MIT_data/training/pouring,v028_0071.mp4,78,man,,train
95,pouring,../data/MIT_data/training/pouring,v028_0064.mp4,79,water,,train
96,skating,../data/MIT_data/training/skating,v232_0043.mp4,80,man,,train
97,skating,../data/MIT_data/training/skating,v232_0080.mp4,81,man,,train
98,skating,../data/MIT_data/training/skating,v232_0051.mp4,82,road,,train
99,skating,../data/MIT_data/training/skating,v232_0018.mp4,83,road,,train
100,skating,../data/MIT_data/training/skating,v232_0002.mp4,84,snow,,train
101,skating,../data/MIT_data/training/skating,v232_0007.mp4,85,man,,train
102,skating,../data/MIT_data/training/skating,v232_0039.mp4,86,snow,,train
103,extinguishing,../data/MIT_data/training/extinguishing,v205_0083.mp4,87,tree,,train
104,clawing,../data/MIT_data/training/clawing,v142_0039.mp4,88,hand,,train
105,clawing,../data/MIT_data/training/clawing,v142_0011.mp4,89,dog,,train
106,clawing,../data/MIT_data/training/clawing,v142_0057.mp4,90,water,,train
107,clawing,../data/MIT_data/training/clawing,v142_0097.mp4,91,hand,,train
108,snuggling,../data/MIT_data/training/snuggling,v288_0056.mp4,92,dog,,train
109,snuggling,../data/MIT_data/training/snuggling,v288_0056.mp4,92,man,,train
110,snuggling,../data/MIT_data/training/snuggling,v288_0083.mp4,93,man,,train
111,snuggling,../data/MIT_data/training/snuggling,v288_0083.mp4,93,woman,,train
112,snuggling,../data/MIT_data/training/snuggling,v288_0021.mp4,94,dog,,train
113,snuggling,../data/MIT_data/training/snuggling,v288_0013.mp4,95,dog,,train
114,snuggling,../data/MIT_data/training/snuggling,v288_0013.mp4,95,woman,,train
115,snuggling,../data/MIT_data/training/snuggling,v288_0005.mp4,96,man,,train
116,snuggling,../data/MIT_data/training/snuggling,v288_0005.mp4,96,woman,,train
117,snuggling,../data/MIT_data/training/snuggling,v288_0000.mp4,97,woman,,train
118,snuggling,../data/MIT_data/training/snuggling,v288_0000.mp4,97,boy,,train
119,snuggling,../data/MIT_data/training/snuggling,v288_0015.mp4,98,hand,,train
120,snuggling,../data/MIT_data/training/snuggling,v288_0016.mp4,99,man,,train
121,snuggling,../data/MIT_data/training/snuggling,v288_0016.mp4,99,girl,,train
122,child+singing,../data/MIT_data/training/child+singing,v250_0010.mp4,100,woman,,train
123,child+singing,../data/MIT_data/training/child+singing,v250_0013.mp4,101,girl,,train
124,child+singing,../data/MIT_data/training/child+singing,v250_0041.mp4,102,baby,,train
125,child+singing,../data/MIT_data/training/child+singing,v250_0093.mp4,103,man,,train
126,child+singing,../data/MIT_data/training/child+singing,v250_0051.mp4,104,baby,,train
127,child+singing,../data/MIT_data/training/child+singing,v250_0018.mp4,105,boy,,train
128,child+singing,../data/MIT_data/training/child+singing,v250_0026.mp4,106,baby,,train
129,rising,../data/MIT_data/training/rising,v213_0005.mp4,107,man,,train
130,rising,../data/MIT_data/training/rising,v213_0004.mp4,108,tree,,train
131,rising,../data/MIT_data/training/rising,v213_0062.mp4,109,girl,,train
132,rising,../data/MIT_data/training/rising,v213_0072.mp4,110,grass,,train
133,rising,../data/MIT_data/training/rising,v213_0057.mp4,111,snow,,train
134,rising,../data/MIT_data/training/rising,v213_0055.mp4,112,boy,,train
135,sneezing,../data/MIT_data/training/sneezing,v044_0037.mp4,113,woman,,train
136,sneezing,../data/MIT_data/training/sneezing,v044_0033.mp4,114,woman,,train
137,sneezing,../data/MIT_data/training/sneezing,v044_0033.mp4,114,boy,,train
138,sneezing,../data/MIT_data/training/sneezing,v044_0043.mp4,115,baby,,train
139,sneezing,../data/MIT_data/training/sneezing,v044_0083.mp4,116,man,,train
140,sneezing,../data/MIT_data/training/sneezing,v044_0092.mp4,117,woman,,train
141,sneezing,../data/MIT_data/training/sneezing,v044_0091.mp4,118,boy,,train
142,sneezing,../data/MIT_data/training/sneezing,v044_0006.mp4,119,man,,train
143,sneezing,../data/MIT_data/training/sneezing,v044_0006.mp4,119,baby,,train
144,sneezing,../data/MIT_data/training/sneezing,v044_0004.mp4,120,woman,,train
145,cracking,../data/MIT_data/training/cracking,v061_0090.mp4,121,snow,,train
146,cracking,../data/MIT_data/training/cracking,v061_0035.mp4,122,man,,train
147,shaking,../data/MIT_data/training/shaking,v132_0099.mp4,123,sky,,train
148,shaking,../data/MIT_data/training/shaking,v132_0003.mp4,124,man,,train
149,shaking,../data/MIT_data/training/shaking,v132_0003.mp4,124,woman,,train
150,shaking,../data/MIT_data/training/shaking,v132_0033.mp4,125,woman,,train
151,shaking,../data/MIT_data/training/shaking,v132_0009.mp4,126,dog,,train
152,shaking,../data/MIT_data/training/shaking,v132_0046.mp4,127,hand,,train
153,shaking,../data/MIT_data/training/shaking,v132_0056.mp4,128,boy,,train
154,shaking,../data/MIT_data/training/shaking,v132_0054.mp4,129,man,,train
155,shaking,../data/MIT_data/training/shaking,v132_0054.mp4,129,woman,,train
156,sketching,../data/MIT_data/training/sketching,v156_0041.mp4,130,woman,,train
157,sketching,../data/MIT_data/training/sketching,v156_0082.mp4,131,man,,train
158,sketching,../data/MIT_data/training/sketching,v156_0080.mp4,132,hand,,train
159,sketching,../data/MIT_data/training/sketching,v156_0012.mp4,133,woman,,train
160,sketching,../data/MIT_data/training/sketching,v156_0070.mp4,134,man,,train
161,trimming,../data/MIT_data/training/trimming,v063_0004.mp4,135,wood,,train
162,trimming,../data/MIT_data/training/trimming,v063_0071.mp4,136,grass,,train
163,trimming,../data/MIT_data/training/trimming,v063_0091.mp4,137,wood,,train
164,trimming,../data/MIT_data/training/trimming,v063_0040.mp4,138,tree,,train
165,dancing,../data/MIT_data/training/dancing,v168_0069.mp4,139,boy,,train
166,dancing,../data/MIT_data/training/dancing,v168_0083.mp4,140,girl,,train
167,dancing,../data/MIT_data/training/dancing,v168_0056.mp4,141,boy,,train
168,dancing,../data/MIT_data/training/dancing,v168_0056.mp4,141,road,,train
169,dancing,../data/MIT_data/training/dancing,v168_0044.mp4,142,man,,train
170,dancing,../data/MIT_data/training/dancing,v168_0044.mp4,142,woman,,train
171,dancing,../data/MIT_data/training/dancing,v168_0079.mp4,143,woman,,train
172,grinning,../data/MIT_data/training/grinning,v323_0072.mp4,144,man,,train
173,grinning,../data/MIT_data/training/grinning,v323_0072.mp4,144,woman,,train
174,grinning,../data/MIT_data/training/grinning,v323_0088.mp4,145,girl,,train
175,grinning,../data/MIT_data/training/grinning,v323_0017.mp4,146,man,,train
176,grinning,../data/MIT_data/training/grinning,v323_0017.mp4,146,tree,,train
177,grinning,../data/MIT_data/training/grinning,v323_0024.mp4,147,woman,,train
178,grinning,../data/MIT_data/training/grinning,v323_0079.mp4,148,man,,train
179,grinning,../data/MIT_data/training/grinning,v323_0079.mp4,148,tree,,train
180,grinning,../data/MIT_data/training/grinning,v323_0092.mp4,149,woman,,train
181,grinning,../data/MIT_data/training/grinning,v323_0092.mp4,149,boy,,train
182,grinning,../data/MIT_data/training/grinning,v323_0087.mp4,150,woman,,train
183,grinning,../data/MIT_data/training/grinning,v323_0054.mp4,151,woman,,train
184,stealing,../data/MIT_data/training/stealing,v083_0025.mp4,152,man,,train
185,stealing,../data/MIT_data/training/stealing,v083_0033.mp4,153,dog,,train
186,stealing,../data/MIT_data/training/stealing,v083_0036.mp4,154,hand,,train
187,stealing,../data/MIT_data/training/stealing,v083_0046.mp4,155,man,,train
188,stealing,../data/MIT_data/training/stealing,v083_0087.mp4,156,man,,train
189,stealing,../data/MIT_data/training/stealing,v083_0087.mp4,156,woman,,train
190,stealing,../data/MIT_data/training/stealing,v083_0063.mp4,157,car,,train
191,stealing,../data/MIT_data/training/stealing,v083_0005.mp4,158,hand,,train
192,stealing,../data/MIT_data/training/stealing,v083_0005.mp4,158,keyboard,,train
193,draining,../data/MIT_data/training/draining,v308_0036.mp4,159,water,,train
194,draining,../data/MIT_data/training/draining,v308_0047.mp4,160,water,,train
195,draining,../data/MIT_data/training/draining,v308_0040.mp4,161,hand,,train
196,draining,../data/MIT_data/training/draining,v308_0043.mp4,162,water,,train
197,draining,../data/MIT_data/training/draining,v308_0080.mp4,163,water,,train
198,draining,../data/MIT_data/training/draining,v308_0060.mp4,164,water,,train
199,draining,../data/MIT_data/training/draining,v308_0060.mp4,164,grass,,train
200,draining,../data/MIT_data/training/draining,v308_0029.mp4,165,man,,train
201,draining,../data/MIT_data/training/draining,v308_0029.mp4,165,woman,,train
202,draining,../data/MIT_data/training/draining,v308_0007.mp4,166,water,,train
203,rowing,../data/MIT_data/training/rowing,v262_0039.mp4,167,water,,train
204,rowing,../data/MIT_data/training/rowing,v262_0039.mp4,167,boat,,train
205,rowing,../data/MIT_data/training/rowing,v262_0032.mp4,168,water,,train
206,rowing,../data/MIT_data/training/rowing,v262_0032.mp4,168,boat,,train
207,rowing,../data/MIT_data/training/rowing,v262_0037.mp4,169,water,,train
208,rowing,../data/MIT_data/training/rowing,v262_0037.mp4,169,boat,,train
209,rowing,../data/MIT_data/training/rowing,v262_0087.mp4,170,water,,train
210,rowing,../data/MIT_data/training/rowing,v262_0087.mp4,170,boat,,train
211,rowing,../data/MIT_data/training/rowing,v262_0085.mp4,171,water,,train
212,rowing,../data/MIT_data/training/rowing,v262_0085.mp4,171,tree,,train
213,rowing,../data/MIT_data/training/rowing,v262_0090.mp4,172,water,,train
214,rowing,../data/MIT_data/training/rowing,v262_0090.mp4,172,man,,train
215,rowing,../data/MIT_data/training/rowing,v262_0080.mp4,173,water,,train
216,rowing,../data/MIT_data/training/rowing,v262_0054.mp4,174,water,,train
217,handcuffing,../data/MIT_data/training/handcuffing,v311_0003.mp4,175,hand,,train
218,handcuffing,../data/MIT_data/training/handcuffing,v311_0000.mp4,176,man,,train
219,handcuffing,../data/MIT_data/training/handcuffing,v311_0063.mp4,177,hand,,train
220,handcuffing,../data/MIT_data/training/handcuffing,v311_0058.mp4,178,hand,,train
221,handcuffing,../data/MIT_data/training/handcuffing,v311_0042.mp4,179,woman,,train
222,handcuffing,../data/MIT_data/training/handcuffing,v311_0042.mp4,179,hand,,train
223,handcuffing,../data/MIT_data/training/handcuffing,v311_0091.mp4,180,hand,,train
224,handcuffing,../data/MIT_data/training/handcuffing,v311_0035.mp4,181,woman,,train
225,handcuffing,../data/MIT_data/training/handcuffing,v311_0035.mp4,181,hand,,train
226,handcuffing,../data/MIT_data/training/handcuffing,v311_0024.mp4,182,hand,,train
227,loading,../data/MIT_data/training/loading,v336_0025.mp4,183,tree,,train
228,loading,../data/MIT_data/training/loading,v336_0025.mp4,183,wood,,train
229,loading,../data/MIT_data/training/loading,v336_0034.mp4,184,man,,train
230,loading,../data/MIT_data/training/loading,v336_0041.mp4,185,man,,train
231,sanding,../data/MIT_data/training/sanding,v185_0006.mp4,186,wood,,train
232,sanding,../data/MIT_data/training/sanding,v185_0006.mp4,186,hand,,train
233,sanding,../data/MIT_data/training/sanding,v185_0000.mp4,187,hand,,train
234,sanding,../data/MIT_data/training/sanding,v185_0072.mp4,188,hand,,train
235,sanding,../data/MIT_data/training/sanding,v185_0079.mp4,189,wood,,train
236,sanding,../data/MIT_data/training/sanding,v185_0080.mp4,190,woman,,train
237,sanding,../data/MIT_data/training/sanding,v185_0080.mp4,190,wood,,train
238,sanding,../data/MIT_data/training/sanding,v185_0031.mp4,191,man,,train
239,rolling,../data/MIT_data/training/rolling,v200_0031.mp4,192,hand,,train
240,rolling,../data/MIT_data/training/rolling,v200_0055.mp4,193,wood,,train
241,rolling,../data/MIT_data/training/rolling,v200_0094.mp4,194,man,,train
242,rolling,../data/MIT_data/training/rolling,v200_0077.mp4,195,hand,,train
243,rolling,../data/MIT_data/training/rolling,v200_0089.mp4,196,dog,,train
244,rolling,../data/MIT_data/training/rolling,v200_0013.mp4,197,wood,,train
245,rolling,../data/MIT_data/training/rolling,v200_0013.mp4,197,hand,,train
246,rolling,../data/MIT_data/training/rolling,v200_0028.mp4,198,hand,,train
247,tying,../data/MIT_data/training/tying,v236_0048.mp4,199,hand,,train
248,tying,../data/MIT_data/training/tying,v236_0071.mp4,200,man,,train
249,tying,../data/MIT_data/training/tying,v236_0031.mp4,201,hand,,train
250,tying,../data/MIT_data/training/tying,v236_0024.mp4,202,man,,train
251,tying,../data/MIT_data/training/tying,v236_0054.mp4,203,man,,train
252,tying,../data/MIT_data/training/tying,v236_0045.mp4,204,hand,,train
253,blocking,../data/MIT_data/training/blocking,v317_0013.mp4,205,woman,,train
254,blocking,../data/MIT_data/training/blocking,v317_0001.mp4,206,man,,train
255,blocking,../data/MIT_data/training/blocking,v317_0085.mp4,207,man,,train
256,blocking,../data/MIT_data/training/blocking,v317_0050.mp4,208,road,,train
257,blocking,../data/MIT_data/training/blocking,v317_0050.mp4,208,car,,train
258,blocking,../data/MIT_data/training/blocking,v317_0078.mp4,209,woman,,train
259,catching,../data/MIT_data/training/catching,v307_0039.mp4,210,man,,train
260,catching,../data/MIT_data/training/catching,v307_0028.mp4,211,man,,train
261,catching,../data/MIT_data/training/catching,v307_0053.mp4,212,dog,,train
262,catching,../data/MIT_data/training/catching,v307_0082.mp4,213,tree,,train
263,catching,../data/MIT_data/training/catching,v307_0082.mp4,213,sky,,train
264,catching,../data/MIT_data/training/catching,v307_0082.mp4,213,grass,,train
265,catching,../data/MIT_data/training/catching,v307_0055.mp4,214,hand,,train
266,catching,../data/MIT_data/training/catching,v307_0043.mp4,215,man,,train
267,catching,../data/MIT_data/training/catching,v307_0043.mp4,215,water,,train
268,plugging,../data/MIT_data/training/plugging,v053_0025.mp4,216,man,,train
269,plugging,../data/MIT_data/training/plugging,v053_0023.mp4,217,keyboard,,train
270,plugging,../data/MIT_data/training/plugging,v053_0022.mp4,218,hand,,train
271,plugging,../data/MIT_data/training/plugging,v053_0099.mp4,219,machine,,train
272,plugging,../data/MIT_data/training/plugging,v053_0075.mp4,220,hand,,train
273,plugging,../data/MIT_data/training/plugging,v053_0011.mp4,221,man,,train
274,plugging,../data/MIT_data/training/plugging,v053_0011.mp4,221,hand,,train
275,plugging,../data/MIT_data/training/plugging,v053_0029.mp4,222,keyboard,,train
276,shaving,../data/MIT_data/training/shaving,v211_0047.mp4,223,man,,train
277,shaving,../data/MIT_data/training/shaving,v211_0045.mp4,224,man,,train
278,shaving,../data/MIT_data/training/shaving,v211_0024.mp4,225,man,,train
279,shaving,../data/MIT_data/training/shaving,v211_0024.mp4,225,hand,,train
280,shaving,../data/MIT_data/training/shaving,v211_0031.mp4,226,man,,train
281,shaving,../data/MIT_data/training/shaving,v211_0029.mp4,227,man,,train
282,shaving,../data/MIT_data/training/shaving,v211_0066.mp4,228,man,,train
283,shaving,../data/MIT_data/training/shaving,v211_0066.mp4,228,hand,,train
284,shaving,../data/MIT_data/training/shaving,v211_0073.mp4,229,baby,,train
285,shaving,../data/MIT_data/training/shaving,v211_0059.mp4,230,man,,train
286,shaving,../data/MIT_data/training/shaving,v211_0059.mp4,230,hand,,train
287,giving,../data/MIT_data/training/giving,v089_0036.mp4,231,hand,,train
288,giving,../data/MIT_data/training/giving,v089_0051.mp4,232,hand,,train
289,giving,../data/MIT_data/training/giving,v089_0093.mp4,233,woman,,train
290,giving,../data/MIT_data/training/giving,v089_0084.mp4,234,man,,train
291,giving,../data/MIT_data/training/giving,v089_0084.mp4,234,woman,,train
292,giving,../data/MIT_data/training/giving,v089_0043.mp4,235,man,,train
293,giving,../data/MIT_data/training/giving,v089_0043.mp4,235,woman,,train
294,giving,../data/MIT_data/training/giving,v089_0082.mp4,236,wood,,train
295,giving,../data/MIT_data/training/giving,v089_0082.mp4,236,hand,,train
296,giving,../data/MIT_data/training/giving,v089_0067.mp4,237,man,,train
297,giving,../data/MIT_data/training/giving,v089_0067.mp4,237,girl,,train
298,giving,../data/MIT_data/training/giving,v089_0099.mp4,238,woman,,train
299,cramming,../data/MIT_data/training/cramming,v330_0083.mp4,239,boy,,train
300,cramming,../data/MIT_data/training/cramming,v330_0083.mp4,239,girl,,train
301,cramming,../data/MIT_data/training/cramming,v330_0069.mp4,240,man,,train
302,cramming,../data/MIT_data/training/cramming,v330_0094.mp4,241,man,,train
303,cramming,../data/MIT_data/training/cramming,v330_0042.mp4,242,man,,train
304,cramming,../data/MIT_data/training/cramming,v330_0032.mp4,243,man,,train
305,cramming,../data/MIT_data/training/cramming,v330_0025.mp4,244,woman,,train
306,cramming,../data/MIT_data/training/cramming,v330_0011.mp4,245,man,,train
307,cramming,../data/MIT_data/training/cramming,v330_0011.mp4,245,woman,,train
308,cramming,../data/MIT_data/training/cramming,v330_0072.mp4,246,hand,,train
309,cramming,../data/MIT_data/training/cramming,v330_0072.mp4,246,keyboard,,train
310,performing,../data/MIT_data/training/performing,v136_0053.mp4,247,tree,,train
311,performing,../data/MIT_data/training/performing,v136_0046.mp4,248,man,,train
312,performing,../data/MIT_data/training/performing,v136_0046.mp4,248,woman,,train
313,performing,../data/MIT_data/training/performing,v136_0078.mp4,249,man,,train
314,performing,../data/MIT_data/training/performing,v136_0078.mp4,249,woman,,train
315,performing,../data/MIT_data/training/performing,v136_0095.mp4,250,man,,train
316,performing,../data/MIT_data/training/performing,v136_0081.mp4,251,man,,train
317,performing,../data/MIT_data/training/performing,v136_0081.mp4,251,girl,,train
318,performing,../data/MIT_data/training/performing,v136_0024.mp4,252,man,,train
319,performing,../data/MIT_data/training/performing,v136_0005.mp4,253,woman,,train
320,performing,../data/MIT_data/training/performing,v136_0016.mp4,254,man,,train
321,camping,../data/MIT_data/training/camping,v052_0020.mp4,255,tree,,train
322,camping,../data/MIT_data/training/camping,v052_0020.mp4,255,sky,,train
323,camping,../data/MIT_data/training/camping,v052_0045.mp4,256,dog,,train
324,camping,../data/MIT_data/training/camping,v052_0086.mp4,257,man,,train
325,camping,../data/MIT_data/training/camping,v052_0043.mp4,258,tree,,train
326,camping,../data/MIT_data/training/camping,v052_0063.mp4,259,girl,,train
327,selling,../data/MIT_data/training/selling,v064_0099.mp4,260,crowd,,train
328,selling,../data/MIT_data/training/selling,v064_0067.mp4,261,water,,train
329,selling,../data/MIT_data/training/selling,v064_0067.mp4,261,boat,,train
330,selling,../data/MIT_data/training/selling,v064_0012.mp4,262,woman,,train
331,selling,../data/MIT_data/training/selling,v064_0022.mp4,263,hand,,train
332,selling,../data/MIT_data/training/selling,v064_0023.mp4,264,hand,,train
333,selling,../data/MIT_data/training/selling,v064_0095.mp4,265,man,,train
334,selling,../data/MIT_data/training/selling,v064_0041.mp4,266,crowd,,train
335,hugging,../data/MIT_data/training/hugging,v091_0010.mp4,267,man,,train
336,hugging,../data/MIT_data/training/hugging,v091_0010.mp4,267,woman,,train
337,hugging,../data/MIT_data/training/hugging,v091_0049.mp4,268,man,,train
338,hugging,../data/MIT_data/training/hugging,v091_0049.mp4,268,tree,,train
339,hugging,../data/MIT_data/training/hugging,v091_0049.mp4,268,woman,,train
340,hugging,../data/MIT_data/training/hugging,v091_0054.mp4,269,woman,,train
341,hugging,../data/MIT_data/training/hugging,v091_0054.mp4,269,boy,,train
342,hugging,../data/MIT_data/training/hugging,v091_0054.mp4,269,girl,,train
343,hugging,../data/MIT_data/training/hugging,v091_0051.mp4,270,woman,,train
344,hugging,../data/MIT_data/training/hugging,v091_0092.mp4,271,woman,,train
345,hugging,../data/MIT_data/training/hugging,v091_0092.mp4,271,girl,,train
346,hugging,../data/MIT_data/training/hugging,v091_0032.mp4,272,man,,train
347,hugging,../data/MIT_data/training/hugging,v091_0032.mp4,272,woman,,train
348,crying,../data/MIT_data/training/crying,v161_0011.mp4,273,woman,,train
349,crying,../data/MIT_data/training/crying,v161_0066.mp4,274,hand,,train
350,crying,../data/MIT_data/training/crying,v161_0066.mp4,274,baby,,train
351,crying,../data/MIT_data/training/crying,v161_0077.mp4,275,baby,,train
352,crying,../data/MIT_data/training/crying,v161_0079.mp4,276,baby,,train
353,crying,../data/MIT_data/training/crying,v161_0096.mp4,277,baby,,train
354,crying,../data/MIT_data/training/crying,v161_0097.mp4,278,girl,,train
355,crying,../data/MIT_data/training/crying,v161_0056.mp4,279,boy,,train
356,crying,../data/MIT_data/training/crying,v161_0023.mp4,280,man,,train
357,crying,../data/MIT_data/training/crying,v161_0023.mp4,280,baby,,train
358,pitching,../data/MIT_data/training/pitching,v240_0029.mp4,281,grass,,train
359,pitching,../data/MIT_data/training/pitching,v240_0029.mp4,281,girl,,train
360,pitching,../data/MIT_data/training/pitching,v240_0068.mp4,282,girl,,train
361,pitching,../data/MIT_data/training/pitching,v240_0092.mp4,283,man,,train
362,pitching,../data/MIT_data/training/pitching,v240_0092.mp4,283,grass,,train
363,raising,../data/MIT_data/training/raising,v105_0030.mp4,284,man,,train
364,raising,../data/MIT_data/training/raising,v105_0057.mp4,285,woman,,train
365,raising,../data/MIT_data/training/raising,v105_0056.mp4,286,man,,train
366,raising,../data/MIT_data/training/raising,v105_0040.mp4,287,man,,train
367,raising,../data/MIT_data/training/raising,v105_0091.mp4,288,man,,train
368,raising,../data/MIT_data/training/raising,v105_0061.mp4,289,hand,,train
369,raising,../data/MIT_data/training/raising,v105_0005.mp4,290,woman,,train
370,sweeping,../data/MIT_data/training/sweeping,v057_0038.mp4,291,baby,,train
371,sweeping,../data/MIT_data/training/sweeping,v057_0013.mp4,292,man,,train
372,sweeping,../data/MIT_data/training/sweeping,v057_0088.mp4,293,woman,,train
373,sweeping,../data/MIT_data/training/sweeping,v057_0032.mp4,294,woman,,train
374,sweeping,../data/MIT_data/training/sweeping,v057_0027.mp4,295,woman,,train
375,chopping,../data/MIT_data/training/chopping,v204_0039.mp4,296,woman,,train
376,chopping,../data/MIT_data/training/chopping,v204_0039.mp4,296,girl,,train
377,chopping,../data/MIT_data/training/chopping,v204_0016.mp4,297,man,,train
378,chopping,../data/MIT_data/training/chopping,v204_0072.mp4,298,grass,,train
379,chopping,../data/MIT_data/training/chopping,v204_0019.mp4,299,tree,,train
380,chopping,../data/MIT_data/training/chopping,v204_0037.mp4,300,man,,train
381,chopping,../data/MIT_data/training/chopping,v204_0037.mp4,300,tree,,train
382,chopping,../data/MIT_data/training/chopping,v204_0037.mp4,300,grass,,train
383,ascending,../data/MIT_data/training/ascending,v328_0071.mp4,301,man,,train
384,ascending,../data/MIT_data/training/ascending,v328_0001.mp4,302,sky,,train
385,ascending,../data/MIT_data/training/ascending,v328_0019.mp4,303,crowd,,train
386,ascending,../data/MIT_data/training/ascending,v328_0018.mp4,304,sky,,train
387,ascending,../data/MIT_data/training/ascending,v328_0051.mp4,305,sky,,train
388,ascending,../data/MIT_data/training/ascending,v328_0051.mp4,305,wood,,train
389,ascending,../data/MIT_data/training/ascending,v328_0044.mp4,306,water,,train
390,ascending,../data/MIT_data/training/ascending,v328_0040.mp4,307,crowd,,train
391,officiating,../data/MIT_data/training/officiating,v137_0038.mp4,308,grass,,train
392,officiating,../data/MIT_data/training/officiating,v137_0073.mp4,309,woman,,train
393,officiating,../data/MIT_data/training/officiating,v137_0063.mp4,310,man,,train
394,officiating,../data/MIT_data/training/officiating,v137_0062.mp4,311,man,,train
395,protesting,../data/MIT_data/training/protesting,v108_0091.mp4,312,crowd,,train
396,protesting,../data/MIT_data/training/protesting,v108_0030.mp4,313,crowd,,train
397,protesting,../data/MIT_data/training/protesting,v108_0011.mp4,314,crowd,,train
398,protesting,../data/MIT_data/training/protesting,v108_0002.mp4,315,crowd,,train
399,protesting,../data/MIT_data/training/protesting,v108_0003.mp4,316,man,,train
400,protesting,../data/MIT_data/training/protesting,v108_0075.mp4,317,crowd,,train
401,protesting,../data/MIT_data/training/protesting,v108_0049.mp4,318,road,,train
402,protesting,../data/MIT_data/training/protesting,v108_0049.mp4,318,car,,train
403,protesting,../data/MIT_data/training/protesting,v108_0074.mp4,319,woman,,train
404,instructing,../data/MIT_data/training/instructing,v299_0021.mp4,320,woman,,train
405,instructing,../data/MIT_data/training/instructing,v299_0090.mp4,321,man,,train
406,instructing,../data/MIT_data/training/instructing,v299_0065.mp4,322,man,,train
407,instructing,../data/MIT_data/training/instructing,v299_0073.mp4,323,man,,train
408,instructing,../data/MIT_data/training/instructing,v299_0073.mp4,323,boy,,train
409,instructing,../data/MIT_data/training/instructing,v299_0088.mp4,324,hand,,train
410,instructing,../data/MIT_data/training/instructing,v299_0000.mp4,325,water,,train
411,instructing,../data/MIT_data/training/instructing,v299_0000.mp4,325,man,,train
412,instructing,../data/MIT_data/training/instructing,v299_0029.mp4,326,boy,,train
413,instructing,../data/MIT_data/training/instructing,v299_0029.mp4,326,girl,,train
414,racing,../data/MIT_data/training/racing,v282_0079.mp4,327,machine,,train
415,racing,../data/MIT_data/training/racing,v282_0079.mp4,327,car,,train
416,racing,../data/MIT_data/training/racing,v282_0032.mp4,328,car,,train
417,racing,../data/MIT_data/training/racing,v282_0032.mp4,328,machine,,train
418,racing,../data/MIT_data/training/racing,v282_0022.mp4,329,car,,train
419,racing,../data/MIT_data/training/racing,v282_0005.mp4,330,car,,train
420,racing,../data/MIT_data/training/racing,v282_0073.mp4,331,machine,,train
421,slipping,../data/MIT_data/training/slipping,v056_0058.mp4,332,man,,train
422,slipping,../data/MIT_data/training/slipping,v056_0070.mp4,333,water,,train
423,slipping,../data/MIT_data/training/slipping,v056_0089.mp4,334,man,,train
424,slipping,../data/MIT_data/training/slipping,v056_0088.mp4,335,snow,,train
425,slipping,../data/MIT_data/training/slipping,v056_0047.mp4,336,crowd,,train
426,slipping,../data/MIT_data/training/slipping,v056_0080.mp4,337,snow,,train
427,slipping,../data/MIT_data/training/slipping,v056_0033.mp4,338,hand,,train
428,slipping,../data/MIT_data/training/slipping,v056_0020.mp4,339,man,,train
429,slipping,../data/MIT_data/training/slipping,v056_0020.mp4,339,snow,,train
430,drying,../data/MIT_data/training/drying,v160_0011.mp4,340,dog,,train
431,drying,../data/MIT_data/training/drying,v160_0014.mp4,341,woman,,train
432,drying,../data/MIT_data/training/drying,v160_0067.mp4,342,grass,,train
433,drying,../data/MIT_data/training/drying,v160_0083.mp4,343,sky,,train
434,drying,../data/MIT_data/training/drying,v160_0009.mp4,344,girl,,train
435,boating,../data/MIT_data/training/boating,v196_0036.mp4,345,water,,train
436,boating,../data/MIT_data/training/boating,v196_0036.mp4,345,boat,,train
437,boating,../data/MIT_data/training/boating,v196_0026.mp4,346,water,,train
438,boating,../data/MIT_data/training/boating,v196_0026.mp4,346,boat,,train
439,boating,../data/MIT_data/training/boating,v196_0025.mp4,347,water,,train
440,boating,../data/MIT_data/training/boating,v196_0094.mp4,348,water,,train
441,boating,../data/MIT_data/training/boating,v196_0094.mp4,348,boat,,train
442,boating,../data/MIT_data/training/boating,v196_0067.mp4,349,water,,train
443,boating,../data/MIT_data/training/boating,v196_0067.mp4,349,boat,,train
444,boating,../data/MIT_data/training/boating,v196_0002.mp4,350,water,,train
445,boating,../data/MIT_data/training/boating,v196_0002.mp4,350,boat,,train
446,boating,../data/MIT_data/training/boating,v196_0010.mp4,351,water,,train
447,boating,../data/MIT_data/training/boating,v196_0010.mp4,351,boat,,train
448,marching,../data/MIT_data/training/marching,v065_0048.mp4,352,crowd,,train
449,marching,../data/MIT_data/training/marching,v065_0035.mp4,353,crowd,,train
450,marching,../data/MIT_data/training/marching,v065_0035.mp4,353,grass,,train
451,marching,../data/MIT_data/training/marching,v065_0078.mp4,354,crowd,,train
452,marching,../data/MIT_data/training/marching,v065_0050.mp4,355,crowd,,train
453,marching,../data/MIT_data/training/marching,v065_0087.mp4,356,crowd,,train
454,marching,../data/MIT_data/training/marching,v065_0053.mp4,357,crowd,,train
455,marching,../data/MIT_data/training/marching,v065_0053.mp4,357,grass,,train
456,smoking,../data/MIT_data/training/smoking,v274_0059.mp4,358,grass,,train
457,smoking,../data/MIT_data/training/smoking,v274_0065.mp4,359,man,,train
458,smoking,../data/MIT_data/training/smoking,v274_0000.mp4,360,smoke,,train
459,smoking,../data/MIT_data/training/smoking,v274_0004.mp4,361,smoke,,train
460,smoking,../data/MIT_data/training/smoking,v274_0031.mp4,362,sky,,train
461,smoking,../data/MIT_data/training/smoking,v274_0083.mp4,363,smoke,,train
462,smoking,../data/MIT_data/training/smoking,v274_0086.mp4,364,man,,train
463,waving,../data/MIT_data/training/waving,v270_0041.mp4,365,woman,,train
464,waving,../data/MIT_data/training/waving,v270_0046.mp4,366,woman,,train
465,waving,../data/MIT_data/training/waving,v270_0086.mp4,367,woman,,train
466,waving,../data/MIT_data/training/waving,v270_0002.mp4,368,woman,,train
467,waving,../data/MIT_data/training/waving,v270_0004.mp4,369,woman,,train
468,weeding,../data/MIT_data/training/weeding,v158_0066.mp4,370,man,,train
469,weeding,../data/MIT_data/training/weeding,v158_0066.mp4,370,grass,,train
470,weeding,../data/MIT_data/training/weeding,v158_0003.mp4,371,man,,train
471,weeding,../data/MIT_data/training/weeding,v158_0001.mp4,372,man,,train
472,weeding,../data/MIT_data/training/weeding,v158_0004.mp4,373,machine,,train
473,weeding,../data/MIT_data/training/weeding,v158_0083.mp4,374,man,,train
474,weeding,../data/MIT_data/training/weeding,v158_0079.mp4,375,machine,,train
475,weeding,../data/MIT_data/training/weeding,v158_0045.mp4,376,grass,,train
476,opening,../data/MIT_data/training/opening,v251_0029.mp4,377,hand,,train
477,opening,../data/MIT_data/training/opening,v251_0062.mp4,378,boy,,train
478,opening,../data/MIT_data/training/opening,v251_0065.mp4,379,sky,,train
479,opening,../data/MIT_data/training/opening,v251_0095.mp4,380,man,,train
480,opening,../data/MIT_data/training/opening,v251_0095.mp4,380,car,,train
481,opening,../data/MIT_data/training/opening,v251_0051.mp4,381,girl,,train
482,opening,../data/MIT_data/training/opening,v251_0022.mp4,382,baby,,train
483,opening,../data/MIT_data/training/opening,v251_0024.mp4,383,man,,train
484,stopping,../data/MIT_data/training/stopping,v043_0092.mp4,384,man,,train
485,stopping,../data/MIT_data/training/stopping,v043_0046.mp4,385,crowd,,train
486,stopping,../data/MIT_data/training/stopping,v043_0030.mp4,386,car,,train
487,stopping,../data/MIT_data/training/stopping,v043_0028.mp4,387,car,,train
488,handwriting,../data/MIT_data/training/handwriting,v079_0058.mp4,388,hand,,train
489,handwriting,../data/MIT_data/training/handwriting,v079_0077.mp4,389,hand,,train
490,handwriting,../data/MIT_data/training/handwriting,v079_0018.mp4,390,woman,,train
491,handwriting,../data/MIT_data/training/handwriting,v079_0084.mp4,391,hand,,train
492,handwriting,../data/MIT_data/training/handwriting,v079_0096.mp4,392,hand,,train
493,throwing,../data/MIT_data/training/throwing,v268_0076.mp4,393,man,,train
494,throwing,../data/MIT_data/training/throwing,v268_0011.mp4,394,man,,train
495,throwing,../data/MIT_data/training/throwing,v268_0016.mp4,395,grass,,train
496,throwing,../data/MIT_data/training/throwing,v268_0016.mp4,395,girl,,train
497,throwing,../data/MIT_data/training/throwing,v268_0025.mp4,396,man,,train
498,throwing,../data/MIT_data/training/throwing,v268_0025.mp4,396,boy,,train
499,throwing,../data/MIT_data/training/throwing,v268_0087.mp4,397,snow,,train
500,throwing,../data/MIT_data/training/throwing,v268_0093.mp4,398,man,,train
501,throwing,../data/MIT_data/training/throwing,v268_0041.mp4,399,man,,train
502,throwing,../data/MIT_data/training/throwing,v268_0095.mp4,400,woman,,train
503,stacking,../data/MIT_data/training/stacking,v159_0077.mp4,401,girl,,train
504,stacking,../data/MIT_data/training/stacking,v159_0016.mp4,402,man,,train
505,stacking,../data/MIT_data/training/stacking,v159_0006.mp4,403,tree,,train
506,stacking,../data/MIT_data/training/stacking,v159_0025.mp4,404,machine,,train
507,stacking,../data/MIT_data/training/stacking,v159_0054.mp4,405,machine,,train
508,stacking,../data/MIT_data/training/stacking,v159_0041.mp4,406,boy,,train
509,stacking,../data/MIT_data/training/stacking,v159_0044.mp4,407,hand,,train
510,placing,../data/MIT_data/training/placing,v247_0002.mp4,408,water,,train
511,placing,../data/MIT_data/training/placing,v247_0060.mp4,409,water,,train
512,placing,../data/MIT_data/training/placing,v247_0042.mp4,410,wood,,train
513,placing,../data/MIT_data/training/placing,v247_0042.mp4,410,hand,,train
514,placing,../data/MIT_data/training/placing,v247_0019.mp4,411,hand,,train
515,placing,../data/MIT_data/training/placing,v247_0031.mp4,412,boy,,train
516,placing,../data/MIT_data/training/placing,v247_0031.mp4,412,grass,,train
517,placing,../data/MIT_data/training/placing,v247_0021.mp4,413,sky,,train
518,placing,../data/MIT_data/training/placing,v247_0021.mp4,413,woman,,train
519,paying,../data/MIT_data/training/paying,v165_0035.mp4,414,hand,,train
520,paying,../data/MIT_data/training/paying,v165_0008.mp4,415,girl,,train
521,paying,../data/MIT_data/training/paying,v165_0080.mp4,416,man,,train
522,paying,../data/MIT_data/training/paying,v165_0096.mp4,417,man,,train
523,paying,../data/MIT_data/training/paying,v165_0088.mp4,418,hand,,train
524,paying,../data/MIT_data/training/paying,v165_0010.mp4,419,woman,,train
525,paying,../data/MIT_data/training/paying,v165_0016.mp4,420,man,,train
526,dragging,../data/MIT_data/training/dragging,v134_0015.mp4,421,water,,train
527,dragging,../data/MIT_data/training/dragging,v134_0015.mp4,421,sky,,train
528,dragging,../data/MIT_data/training/dragging,v134_0005.mp4,422,smoke,,train
529,dragging,../data/MIT_data/training/dragging,v134_0040.mp4,423,grass,,train
530,dragging,../data/MIT_data/training/dragging,v134_0023.mp4,424,water,,train
531,manicuring,../data/MIT_data/training/manicuring,v237_0028.mp4,425,hand,,train
532,manicuring,../data/MIT_data/training/manicuring,v237_0009.mp4,426,woman,,train
533,manicuring,../data/MIT_data/training/manicuring,v237_0024.mp4,427,hand,,train
534,manicuring,../data/MIT_data/training/manicuring,v237_0040.mp4,428,woman,,train
535,manicuring,../data/MIT_data/training/manicuring,v237_0040.mp4,428,keyboard,,train
536,manicuring,../data/MIT_data/training/manicuring,v237_0081.mp4,429,hand,,train
537,pedaling,../data/MIT_data/training/pedaling,v054_0022.mp4,430,road,,train
538,pedaling,../data/MIT_data/training/pedaling,v054_0036.mp4,431,hand,,train
539,pedaling,../data/MIT_data/training/pedaling,v054_0013.mp4,432,road,,train
540,pedaling,../data/MIT_data/training/pedaling,v054_0013.mp4,432,grass,,train
541,pedaling,../data/MIT_data/training/pedaling,v054_0067.mp4,433,sky,,train
542,pedaling,../data/MIT_data/training/pedaling,v054_0067.mp4,433,car,,train
543,pedaling,../data/MIT_data/training/pedaling,v054_0073.mp4,434,sky,,train
544,storming,../data/MIT_data/training/storming,v246_0064.mp4,435,water,,train
545,storming,../data/MIT_data/training/storming,v246_0064.mp4,435,car,,train
546,storming,../data/MIT_data/training/storming,v246_0046.mp4,436,woman,,train
547,storming,../data/MIT_data/training/storming,v246_0051.mp4,437,snow,,train
548,storming,../data/MIT_data/training/storming,v246_0031.mp4,438,snow,,train
549,storming,../data/MIT_data/training/storming,v246_0022.mp4,439,snow,,train
550,saluting,../data/MIT_data/training/saluting,v265_0001.mp4,440,girl,,train
551,saluting,../data/MIT_data/training/saluting,v265_0007.mp4,441,man,,train
552,saluting,../data/MIT_data/training/saluting,v265_0098.mp4,442,man,,train
553,saluting,../data/MIT_data/training/saluting,v265_0067.mp4,443,woman,,train
554,saluting,../data/MIT_data/training/saluting,v265_0072.mp4,444,crowd,,train
555,saluting,../data/MIT_data/training/saluting,v265_0079.mp4,445,water,,train
556,saluting,../data/MIT_data/training/saluting,v265_0079.mp4,445,grass,,train
557,saluting,../data/MIT_data/training/saluting,v265_0047.mp4,446,crowd,,train
558,saluting,../data/MIT_data/training/saluting,v265_0032.mp4,447,man,,train
559,launching,../data/MIT_data/training/launching,v190_0032.mp4,448,water,,train
560,launching,../data/MIT_data/training/launching,v190_0018.mp4,449,boat,,train
561,launching,../data/MIT_data/training/launching,v190_0010.mp4,450,sky,,train
562,launching,../data/MIT_data/training/launching,v190_0071.mp4,451,smoke,,train
563,launching,../data/MIT_data/training/launching,v190_0063.mp4,452,man,,train
564,buttoning,../data/MIT_data/training/buttoning,v029_0057.mp4,453,baby,,train
565,buttoning,../data/MIT_data/training/buttoning,v029_0091.mp4,454,man,,train
566,buttoning,../data/MIT_data/training/buttoning,v029_0091.mp4,454,sky,,train
567,buttoning,../data/MIT_data/training/buttoning,v029_0018.mp4,455,crowd,,train
568,buttoning,../data/MIT_data/training/buttoning,v029_0028.mp4,456,hand,,train
569,buttoning,../data/MIT_data/training/buttoning,v029_0049.mp4,457,hand,,train
570,buttoning,../data/MIT_data/training/buttoning,v029_0098.mp4,458,hand,,train
571,buttoning,../data/MIT_data/training/buttoning,v029_0065.mp4,459,hand,,train
572,injecting,../data/MIT_data/training/injecting,v218_0010.mp4,460,hand,,train
573,injecting,../data/MIT_data/training/injecting,v218_0089.mp4,461,hand,,train
574,injecting,../data/MIT_data/training/injecting,v218_0031.mp4,462,girl,,train
575,injecting,../data/MIT_data/training/injecting,v218_0032.mp4,463,woman,,train
576,working,../data/MIT_data/training/working,v048_0091.mp4,464,hand,,train
577,working,../data/MIT_data/training/working,v048_0045.mp4,465,hand,,train
578,working,../data/MIT_data/training/working,v048_0050.mp4,466,hand,,train
579,working,../data/MIT_data/training/working,v048_0001.mp4,467,machine,,train
580,working,../data/MIT_data/training/working,v048_0099.mp4,468,sky,,train
581,working,../data/MIT_data/training/working,v048_0099.mp4,468,machine,,train
582,working,../data/MIT_data/training/working,v048_0058.mp4,469,man,,train
583,working,../data/MIT_data/training/working,v048_0058.mp4,469,tree,,train
584,working,../data/MIT_data/training/working,v048_0061.mp4,470,wood,,train
585,working,../data/MIT_data/training/working,v048_0061.mp4,470,hand,,train
586,kicking,../data/MIT_data/training/kicking,v075_0013.mp4,471,boy,,train
587,kicking,../data/MIT_data/training/kicking,v075_0039.mp4,472,boy,,train
588,kicking,../data/MIT_data/training/kicking,v075_0039.mp4,472,grass,,train
589,kicking,../data/MIT_data/training/kicking,v075_0061.mp4,473,crowd,,train
590,kicking,../data/MIT_data/training/kicking,v075_0061.mp4,473,girl,,train
591,kicking,../data/MIT_data/training/kicking,v075_0066.mp4,474,girl,,train
592,kicking,../data/MIT_data/training/kicking,v075_0056.mp4,475,crowd,,train
593,kicking,../data/MIT_data/training/kicking,v075_0083.mp4,476,grass,,train
594,kicking,../data/MIT_data/training/kicking,v075_0051.mp4,477,boy,,train
595,kicking,../data/MIT_data/training/kicking,v075_0026.mp4,478,girl,,train
596,queuing,../data/MIT_data/training/queuing,v041_0029.mp4,479,man,,train
597,queuing,../data/MIT_data/training/queuing,v041_0029.mp4,479,woman,,train
598,queuing,../data/MIT_data/training/queuing,v041_0013.mp4,480,crowd,,train
599,queuing,../data/MIT_data/training/queuing,v041_0048.mp4,481,road,,train
600,queuing,../data/MIT_data/training/queuing,v041_0048.mp4,481,car,,train
601,queuing,../data/MIT_data/training/queuing,v041_0076.mp4,482,road,,train
602,queuing,../data/MIT_data/training/queuing,v041_0076.mp4,482,car,,train
603,queuing,../data/MIT_data/training/queuing,v041_0083.mp4,483,road,,train
604,queuing,../data/MIT_data/training/queuing,v041_0083.mp4,483,car,,train
605,queuing,../data/MIT_data/training/queuing,v041_0046.mp4,484,road,,train
606,queuing,../data/MIT_data/training/queuing,v041_0046.mp4,484,car,,train
607,queuing,../data/MIT_data/training/queuing,v041_0093.mp4,485,car,,train
608,queuing,../data/MIT_data/training/queuing,v041_0031.mp4,486,road,,train
609,queuing,../data/MIT_data/training/queuing,v041_0031.mp4,486,car,,train
610,shredding,../data/MIT_data/training/shredding,v183_0041.mp4,487,machine,,train
611,shredding,../data/MIT_data/training/shredding,v183_0069.mp4,488,machine,,train
612,shredding,../data/MIT_data/training/shredding,v183_0080.mp4,489,machine,,train
613,shredding,../data/MIT_data/training/shredding,v183_0043.mp4,490,machine,,train
614,shredding,../data/MIT_data/training/shredding,v183_0053.mp4,491,machine,,train
615,shredding,../data/MIT_data/training/shredding,v183_0079.mp4,492,machine,,train
616,applauding,../data/MIT_data/training/applauding,v206_0041.mp4,493,car,,train
617,applauding,../data/MIT_data/training/applauding,v206_0025.mp4,494,man,,train
618,applauding,../data/MIT_data/training/applauding,v206_0025.mp4,494,crowd,,train
619,applauding,../data/MIT_data/training/applauding,v206_0076.mp4,495,crowd,,train
620,applauding,../data/MIT_data/training/applauding,v206_0089.mp4,496,crowd,,train
621,applauding,../data/MIT_data/training/applauding,v206_0099.mp4,497,crowd,,train
622,applauding,../data/MIT_data/training/applauding,v206_0099.mp4,497,grass,,train
623,applauding,../data/MIT_data/training/applauding,v206_0071.mp4,498,crowd,,train
624,applauding,../data/MIT_data/training/applauding,v206_0070.mp4,499,man,,train
625,baking,../data/MIT_data/training/baking,v273_0017.mp4,500,wood,,train
626,baking,../data/MIT_data/training/baking,v273_0017.mp4,500,hand,,train
627,baking,../data/MIT_data/training/baking,v273_0075.mp4,501,hand,,train
628,baking,../data/MIT_data/training/baking,v273_0052.mp4,502,machine,,train
629,tearing,../data/MIT_data/training/tearing,v124_0088.mp4,503,machine,,train
630,tearing,../data/MIT_data/training/tearing,v124_0070.mp4,504,dog,,train
631,tearing,../data/MIT_data/training/tearing,v124_0017.mp4,505,hand,,train
632,tearing,../data/MIT_data/training/tearing,v124_0017.mp4,505,girl,,train
633,tearing,../data/MIT_data/training/tearing,v124_0094.mp4,506,dog,,train
634,tearing,../data/MIT_data/training/tearing,v124_0094.mp4,506,snow,,train
635,tearing,../data/MIT_data/training/tearing,v124_0055.mp4,507,woman,,train
636,towing,../data/MIT_data/training/towing,v241_0060.mp4,508,tree,,train
637,towing,../data/MIT_data/training/towing,v241_0060.mp4,508,car,,train
638,towing,../data/MIT_data/training/towing,v241_0062.mp4,509,sky,,train
639,towing,../data/MIT_data/training/towing,v241_0062.mp4,509,road,,train
640,towing,../data/MIT_data/training/towing,v241_0000.mp4,510,car,,train
641,towing,../data/MIT_data/training/towing,v241_0011.mp4,511,road,,train
642,towing,../data/MIT_data/training/towing,v241_0011.mp4,511,car,,train
643,towing,../data/MIT_data/training/towing,v241_0022.mp4,512,water,,train
644,towing,../data/MIT_data/training/towing,v241_0022.mp4,512,boat,,train
645,towing,../data/MIT_data/training/towing,v241_0031.mp4,513,car,,train
646,towing,../data/MIT_data/training/towing,v241_0083.mp4,514,car,,train
647,towing,../data/MIT_data/training/towing,v241_0093.mp4,515,man,,train
648,rubbing,../data/MIT_data/training/rubbing,v119_0027.mp4,516,woman,,train
649,rubbing,../data/MIT_data/training/rubbing,v119_0055.mp4,517,woman,,train
650,rubbing,../data/MIT_data/training/rubbing,v119_0058.mp4,518,baby,,train
651,rubbing,../data/MIT_data/training/rubbing,v119_0048.mp4,519,man,,train
652,rubbing,../data/MIT_data/training/rubbing,v119_0077.mp4,520,woman,,train
653,rubbing,../data/MIT_data/training/rubbing,v119_0005.mp4,521,woman,,train
654,rubbing,../data/MIT_data/training/rubbing,v119_0014.mp4,522,woman,,train
655,pointing,../data/MIT_data/training/pointing,v088_0050.mp4,523,man,,train
656,pointing,../data/MIT_data/training/pointing,v088_0053.mp4,524,man,,train
657,pointing,../data/MIT_data/training/pointing,v088_0053.mp4,524,woman,,train
658,pointing,../data/MIT_data/training/pointing,v088_0056.mp4,525,man,,train
659,pointing,../data/MIT_data/training/pointing,v088_0096.mp4,526,man,,train
660,pointing,../data/MIT_data/training/pointing,v088_0070.mp4,527,water,,train
661,pointing,../data/MIT_data/training/pointing,v088_0070.mp4,527,woman,,train
662,pointing,../data/MIT_data/training/pointing,v088_0070.mp4,527,man,,train
663,pointing,../data/MIT_data/training/pointing,v088_0072.mp4,528,woman,,train
664,pointing,../data/MIT_data/training/pointing,v088_0072.mp4,528,road,,train
665,pointing,../data/MIT_data/training/pointing,v088_0061.mp4,529,hand,,train
666,pointing,../data/MIT_data/training/pointing,v088_0000.mp4,530,man,,train
667,pointing,../data/MIT_data/training/pointing,v088_0000.mp4,530,woman,,train
668,brushing,../data/MIT_data/training/brushing,v117_0038.mp4,531,dog,,train
669,brushing,../data/MIT_data/training/brushing,v117_0038.mp4,531,woman,,train
670,brushing,../data/MIT_data/training/brushing,v117_0039.mp4,532,baby,,train
671,brushing,../data/MIT_data/training/brushing,v117_0088.mp4,533,boy,,train
672,brushing,../data/MIT_data/training/brushing,v117_0086.mp4,534,girl,,train
673,starting,../data/MIT_data/training/starting,v069_0060.mp4,535,water,,train
674,starting,../data/MIT_data/training/starting,v069_0088.mp4,536,girl,,train
675,starting,../data/MIT_data/training/starting,v069_0047.mp4,537,man,,train
676,starting,../data/MIT_data/training/starting,v069_0047.mp4,537,girl,,train
677,starting,../data/MIT_data/training/starting,v069_0093.mp4,538,machine,,train
678,starting,../data/MIT_data/training/starting,v069_0051.mp4,539,dog,,train
679,starting,../data/MIT_data/training/starting,v069_0041.mp4,540,man,,train
680,starting,../data/MIT_data/training/starting,v069_0068.mp4,541,man,,train
681,hunting,../data/MIT_data/training/hunting,v188_0061.mp4,542,snow,,train
682,hunting,../data/MIT_data/training/hunting,v188_0074.mp4,543,dog,,train
683,hunting,../data/MIT_data/training/hunting,v188_0067.mp4,544,dog,,train
684,hunting,../data/MIT_data/training/hunting,v188_0099.mp4,545,grass,,train
685,hunting,../data/MIT_data/training/hunting,v188_0003.mp4,546,snow,,train
686,hunting,../data/MIT_data/training/hunting,v188_0019.mp4,547,grass,,train
687,hunting,../data/MIT_data/training/hunting,v188_0042.mp4,548,man,,train
688,hunting,../data/MIT_data/training/hunting,v188_0055.mp4,549,grass,,train
689,playing,../data/MIT_data/training/playing,v100_0006.mp4,550,girl,,train
690,playing,../data/MIT_data/training/playing,v100_0099.mp4,551,boy,,train
691,playing,../data/MIT_data/training/playing,v100_0066.mp4,552,grass,,train
692,playing,../data/MIT_data/training/playing,v100_0053.mp4,553,boy,,train
693,playing,../data/MIT_data/training/playing,v100_0045.mp4,554,man,,train
694,typing,../data/MIT_data/training/typing,v338_0028.mp4,555,woman,,train
695,typing,../data/MIT_data/training/typing,v338_0064.mp4,556,hand,,train
696,typing,../data/MIT_data/training/typing,v338_0071.mp4,557,keyboard,,train
697,typing,../data/MIT_data/training/typing,v338_0088.mp4,558,machine,,train
698,typing,../data/MIT_data/training/typing,v338_0088.mp4,558,hand,,train
699,typing,../data/MIT_data/training/typing,v338_0052.mp4,559,woman,,train
700,typing,../data/MIT_data/training/typing,v338_0052.mp4,559,keyboard,,train
701,typing,../data/MIT_data/training/typing,v338_0082.mp4,560,hand,,train
702,typing,../data/MIT_data/training/typing,v338_0082.mp4,560,keyboard,,train
703,typing,../data/MIT_data/training/typing,v338_0081.mp4,561,hand,,train
704,typing,../data/MIT_data/training/typing,v338_0081.mp4,561,keyboard,,train
705,typing,../data/MIT_data/training/typing,v338_0021.mp4,562,hand,,train
706,typing,../data/MIT_data/training/typing,v338_0021.mp4,562,keyboard,,train
707,bowing,../data/MIT_data/training/bowing,v263_0099.mp4,563,man,,train
708,bowing,../data/MIT_data/training/bowing,v263_0099.mp4,563,woman,,train
709,bowing,../data/MIT_data/training/bowing,v263_0028.mp4,564,crowd,,train
710,bowing,../data/MIT_data/training/bowing,v263_0016.mp4,565,woman,,train
711,bowing,../data/MIT_data/training/bowing,v263_0027.mp4,566,crowd,,train
712,bowing,../data/MIT_data/training/bowing,v263_0019.mp4,567,dog,,train
713,bowing,../data/MIT_data/training/bowing,v263_0025.mp4,568,water,,train
714,bowing,../data/MIT_data/training/bowing,v263_0025.mp4,568,sky,,train
715,bowing,../data/MIT_data/training/bowing,v263_0025.mp4,568,woman,,train
716,bowing,../data/MIT_data/training/bowing,v263_0025.mp4,568,man,,train
717,bowing,../data/MIT_data/training/bowing,v263_0037.mp4,569,man,,train
718,bowing,../data/MIT_data/training/bowing,v263_0081.mp4,570,man,,train
719,joining,../data/MIT_data/training/joining,v103_0096.mp4,571,hand,,train
720,joining,../data/MIT_data/training/joining,v103_0003.mp4,572,crowd,,train
721,joining,../data/MIT_data/training/joining,v103_0067.mp4,573,crowd,,train
722,joining,../data/MIT_data/training/joining,v103_0066.mp4,574,hand,,train
723,joining,../data/MIT_data/training/joining,v103_0072.mp4,575,hand,,train
724,joining,../data/MIT_data/training/joining,v103_0063.mp4,576,hand,,train
725,joining,../data/MIT_data/training/joining,v103_0060.mp4,577,hand,,train
726,dripping,../data/MIT_data/training/dripping,v140_0095.mp4,578,water,,train
727,dripping,../data/MIT_data/training/dripping,v140_0005.mp4,579,water,,train
728,dripping,../data/MIT_data/training/dripping,v140_0014.mp4,580,water,,train
729,dripping,../data/MIT_data/training/dripping,v140_0048.mp4,581,water,,train
730,stomping,../data/MIT_data/training/stomping,v258_0084.mp4,582,wood,,train
731,stomping,../data/MIT_data/training/stomping,v258_0046.mp4,583,man,,train
732,stomping,../data/MIT_data/training/stomping,v258_0046.mp4,583,woman,,train
733,stomping,../data/MIT_data/training/stomping,v258_0024.mp4,584,woman,,train
734,stomping,../data/MIT_data/training/stomping,v258_0024.mp4,584,crowd,,train
735,stomping,../data/MIT_data/training/stomping,v258_0023.mp4,585,girl,,train
736,stomping,../data/MIT_data/training/stomping,v258_0034.mp4,586,man,,train
737,stomping,../data/MIT_data/training/stomping,v258_0034.mp4,586,road,,train
738,stomping,../data/MIT_data/training/stomping,v258_0088.mp4,587,baby,,train
739,scratching,../data/MIT_data/training/scratching,v062_0017.mp4,588,woman,,train
740,scratching,../data/MIT_data/training/scratching,v062_0081.mp4,589,hand,,train
741,scratching,../data/MIT_data/training/scratching,v062_0022.mp4,590,tree,,train
742,howling,../data/MIT_data/training/howling,v321_0097.mp4,591,dog,,train
743,howling,../data/MIT_data/training/howling,v321_0082.mp4,592,dog,,train
744,howling,../data/MIT_data/training/howling,v321_0082.mp4,592,keyboard,,train
745,howling,../data/MIT_data/training/howling,v321_0056.mp4,593,tree,,train
746,howling,../data/MIT_data/training/howling,v321_0092.mp4,594,dog,,train
747,howling,../data/MIT_data/training/howling,v321_0089.mp4,595,dog,,train
748,howling,../data/MIT_data/training/howling,v321_0076.mp4,596,dog,,train
749,howling,../data/MIT_data/training/howling,v321_0064.mp4,597,dog,,train
750,howling,../data/MIT_data/training/howling,v321_0005.mp4,598,dog,,train
751,aiming,../data/MIT_data/training/aiming,v035_0050.mp4,599,man,,train
752,aiming,../data/MIT_data/training/aiming,v035_0028.mp4,600,man,,train
753,aiming,../data/MIT_data/training/aiming,v035_0028.mp4,600,woman,,train
754,aiming,../data/MIT_data/training/aiming,v035_0067.mp4,601,road,,train
755,aiming,../data/MIT_data/training/aiming,v035_0067.mp4,601,machine,,train
756,smashing,../data/MIT_data/training/smashing,v111_0073.mp4,602,tree,,train
757,smashing,../data/MIT_data/training/smashing,v111_0003.mp4,603,man,,train
758,smashing,../data/MIT_data/training/smashing,v111_0056.mp4,604,car,,train
759,bathing,../data/MIT_data/training/bathing,v104_0037.mp4,605,water,,train
760,bathing,../data/MIT_data/training/bathing,v104_0031.mp4,606,hand,,train
761,bathing,../data/MIT_data/training/bathing,v104_0097.mp4,607,water,,train
762,bathing,../data/MIT_data/training/bathing,v104_0079.mp4,608,water,,train
763,bathing,../data/MIT_data/training/bathing,v104_0045.mp4,609,baby,,train
764,bathing,../data/MIT_data/training/bathing,v104_0044.mp4,610,water,,train
765,bathing,../data/MIT_data/training/bathing,v104_0003.mp4,611,water,,train
766,bathing,../data/MIT_data/training/bathing,v104_0011.mp4,612,water,,train
767,vacuuming,../data/MIT_data/training/vacuuming,v087_0000.mp4,613,woman,,train
768,vacuuming,../data/MIT_data/training/vacuuming,v087_0062.mp4,614,man,,train
769,vacuuming,../data/MIT_data/training/vacuuming,v087_0031.mp4,615,dog,,train
770,vacuuming,../data/MIT_data/training/vacuuming,v087_0019.mp4,616,dog,,train
771,overflowing,../data/MIT_data/training/overflowing,v228_0018.mp4,617,water,,train
772,overflowing,../data/MIT_data/training/overflowing,v228_0018.mp4,617,hand,,train
773,overflowing,../data/MIT_data/training/overflowing,v228_0026.mp4,618,water,,train
774,overflowing,../data/MIT_data/training/overflowing,v228_0064.mp4,619,water,,train
775,overflowing,../data/MIT_data/training/overflowing,v228_0064.mp4,619,sky,,train
776,overflowing,../data/MIT_data/training/overflowing,v228_0065.mp4,620,water,,train
777,overflowing,../data/MIT_data/training/overflowing,v228_0065.mp4,620,tree,,train
778,overflowing,../data/MIT_data/training/overflowing,v228_0003.mp4,621,grass,,train
779,overflowing,../data/MIT_data/training/overflowing,v228_0004.mp4,622,water,,train
780,feeding,../data/MIT_data/training/feeding,v153_0027.mp4,623,boy,,train
781,feeding,../data/MIT_data/training/feeding,v153_0081.mp4,624,dog,,train
782,feeding,../data/MIT_data/training/feeding,v153_0045.mp4,625,dog,,train
783,feeding,../data/MIT_data/training/feeding,v153_0050.mp4,626,hand,,train
784,crouching,../data/MIT_data/training/crouching,v036_0016.mp4,627,woman,,train
785,crouching,../data/MIT_data/training/crouching,v036_0016.mp4,627,boy,,train
786,crouching,../data/MIT_data/training/crouching,v036_0007.mp4,628,boy,,train
787,crouching,../data/MIT_data/training/crouching,v036_0088.mp4,629,woman,,train
788,crouching,../data/MIT_data/training/crouching,v036_0093.mp4,630,boy,,train
789,crouching,../data/MIT_data/training/crouching,v036_0023.mp4,631,grass,,train
790,crouching,../data/MIT_data/training/crouching,v036_0021.mp4,632,woman,,train
791,crouching,../data/MIT_data/training/crouching,v036_0035.mp4,633,man,,train
792,crouching,../data/MIT_data/training/crouching,v036_0035.mp4,633,girl,,train
793,crouching,../data/MIT_data/training/crouching,v036_0009.mp4,634,man,,train
794,crouching,../data/MIT_data/training/crouching,v036_0009.mp4,634,woman,,train
795,crouching,../data/MIT_data/training/crouching,v036_0009.mp4,634,grass,,train
796,submerging,../data/MIT_data/training/submerging,v017_0046.mp4,635,water,,train
797,submerging,../data/MIT_data/training/submerging,v017_0091.mp4,636,water,,train
798,submerging,../data/MIT_data/training/submerging,v017_0091.mp4,636,woman,,train
799,submerging,../data/MIT_data/training/submerging,v017_0091.mp4,636,man,,train
800,submerging,../data/MIT_data/training/submerging,v017_0053.mp4,637,water,,train
801,submerging,../data/MIT_data/training/submerging,v017_0086.mp4,638,water,,train
802,submerging,../data/MIT_data/training/submerging,v017_0086.mp4,638,baby,,train
803,submerging,../data/MIT_data/training/submerging,v017_0044.mp4,639,water,,train
804,submerging,../data/MIT_data/training/submerging,v017_0025.mp4,640,water,,train
805,submerging,../data/MIT_data/training/submerging,v017_0030.mp4,641,water,,train
806,submerging,../data/MIT_data/training/submerging,v017_0062.mp4,642,water,,train
807,shoveling,../data/MIT_data/training/shoveling,v025_0032.mp4,643,hand,,train
808,shoveling,../data/MIT_data/training/shoveling,v025_0087.mp4,644,snow,,train
809,shoveling,../data/MIT_data/training/shoveling,v025_0057.mp4,645,smoke,,train
810,shoveling,../data/MIT_data/training/shoveling,v025_0040.mp4,646,snow,,train
811,shoveling,../data/MIT_data/training/shoveling,v025_0066.mp4,647,man,,train
812,shoveling,../data/MIT_data/training/shoveling,v025_0073.mp4,648,snow,,train
813,laughing,../data/MIT_data/training/laughing,v214_0063.mp4,649,water,,train
814,laughing,../data/MIT_data/training/laughing,v214_0075.mp4,650,baby,,train
815,laughing,../data/MIT_data/training/laughing,v214_0000.mp4,651,man,,train
816,laughing,../data/MIT_data/training/laughing,v214_0000.mp4,651,woman,,train
817,laughing,../data/MIT_data/training/laughing,v214_0000.mp4,651,girl,,train
818,laughing,../data/MIT_data/training/laughing,v214_0014.mp4,652,woman,,train
819,laughing,../data/MIT_data/training/laughing,v214_0017.mp4,653,woman,,train
820,laughing,../data/MIT_data/training/laughing,v214_0037.mp4,654,man,,train
821,laughing,../data/MIT_data/training/laughing,v214_0085.mp4,655,man,,train
822,painting,../data/MIT_data/training/painting,v233_0068.mp4,656,man,,train
823,painting,../data/MIT_data/training/painting,v233_0083.mp4,657,hand,,train
824,painting,../data/MIT_data/training/painting,v233_0091.mp4,658,man,,train
825,painting,../data/MIT_data/training/painting,v233_0035.mp4,659,dog,,train
826,painting,../data/MIT_data/training/painting,v233_0028.mp4,660,woman,,train
827,grooming,../data/MIT_data/training/grooming,v261_0037.mp4,661,crowd,,train
828,grooming,../data/MIT_data/training/grooming,v261_0008.mp4,662,man,,train
829,grooming,../data/MIT_data/training/grooming,v261_0079.mp4,663,woman,,train
830,fighting,../data/MIT_data/training/fighting,v229_0018.mp4,664,boy,,train
831,fighting,../data/MIT_data/training/fighting,v229_0018.mp4,664,grass,,train
832,fighting,../data/MIT_data/training/fighting,v229_0018.mp4,664,girl,,train
833,fighting,../data/MIT_data/training/fighting,v229_0096.mp4,665,man,,train
834,fighting,../data/MIT_data/training/fighting,v229_0096.mp4,665,sky,,train
835,fighting,../data/MIT_data/training/fighting,v229_0096.mp4,665,woman,,train
836,fighting,../data/MIT_data/training/fighting,v229_0096.mp4,665,car,,train
837,fighting,../data/MIT_data/training/fighting,v229_0095.mp4,666,woman,,train
838,fighting,../data/MIT_data/training/fighting,v229_0001.mp4,667,man,,train
839,fighting,../data/MIT_data/training/fighting,v229_0000.mp4,668,water,,train
840,fighting,../data/MIT_data/training/fighting,v229_0028.mp4,669,man,,train
841,rinsing,../data/MIT_data/training/rinsing,v109_0051.mp4,670,hand,,train
842,rinsing,../data/MIT_data/training/rinsing,v109_0081.mp4,671,water,,train
843,rinsing,../data/MIT_data/training/rinsing,v109_0081.mp4,671,hand,,train
844,rinsing,../data/MIT_data/training/rinsing,v109_0095.mp4,672,girl,,train
845,rinsing,../data/MIT_data/training/rinsing,v109_0042.mp4,673,hand,,train
846,rinsing,../data/MIT_data/training/rinsing,v109_0012.mp4,674,water,,train
847,rinsing,../data/MIT_data/training/rinsing,v109_0012.mp4,674,hand,,train
848,rinsing,../data/MIT_data/training/rinsing,v109_0015.mp4,675,car,,train
849,rinsing,../data/MIT_data/training/rinsing,v109_0014.mp4,676,car,,train
850,rinsing,../data/MIT_data/training/rinsing,v109_0014.mp4,676,hand,,train
851,rinsing,../data/MIT_data/training/rinsing,v109_0060.mp4,677,water,,train
852,rinsing,../data/MIT_data/training/rinsing,v109_0060.mp4,677,boy,,train
853,rinsing,../data/MIT_data/training/rinsing,v109_0060.mp4,677,man,,train
854,punching,../data/MIT_data/training/punching,v235_0056.mp4,678,girl,,train
855,punching,../data/MIT_data/training/punching,v235_0076.mp4,679,hand,,train
856,punching,../data/MIT_data/training/punching,v235_0038.mp4,680,man,,train
857,punching,../data/MIT_data/training/punching,v235_0004.mp4,681,boy,,train
858,punching,../data/MIT_data/training/punching,v235_0001.mp4,682,woman,,train
859,punching,../data/MIT_data/training/punching,v235_0000.mp4,683,man,,train
860,punching,../data/MIT_data/training/punching,v235_0003.mp4,684,man,,train
861,punching,../data/MIT_data/training/punching,v235_0017.mp4,685,crowd,,train
862,playing+music,../data/MIT_data/training/playing+music,v122_0011.mp4,686,woman,,train
863,playing+music,../data/MIT_data/training/playing+music,v122_0016.mp4,687,man,,train
864,playing+music,../data/MIT_data/training/playing+music,v122_0093.mp4,688,hand,,train
865,playing+music,../data/MIT_data/training/playing+music,v122_0053.mp4,689,crowd,,train
866,playing+music,../data/MIT_data/training/playing+music,v122_0031.mp4,690,hand,,train
867,playing+music,../data/MIT_data/training/playing+music,v122_0034.mp4,691,man,,train
868,playing+music,../data/MIT_data/training/playing+music,v122_0034.mp4,691,woman,,train
869,playing+music,../data/MIT_data/training/playing+music,v122_0022.mp4,692,man,,train
870,fencing,../data/MIT_data/training/fencing,v285_0009.mp4,693,dog,,train
871,fencing,../data/MIT_data/training/fencing,v285_0043.mp4,694,man,,train
872,fencing,../data/MIT_data/training/fencing,v285_0084.mp4,695,man,,train
873,fencing,../data/MIT_data/training/fencing,v285_0084.mp4,695,woman,,train
874,fencing,../data/MIT_data/training/fencing,v285_0049.mp4,696,man,,train
875,fencing,../data/MIT_data/training/fencing,v285_0089.mp4,697,snow,,train
876,fencing,../data/MIT_data/training/fencing,v285_0089.mp4,697,girl,,train
877,fencing,../data/MIT_data/training/fencing,v285_0071.mp4,698,tree,,train
878,fencing,../data/MIT_data/training/fencing,v285_0071.mp4,698,car,,train
879,fencing,../data/MIT_data/training/fencing,v285_0071.mp4,698,grass,,train
880,teaching,../data/MIT_data/training/teaching,v126_0018.mp4,699,man,,train
881,teaching,../data/MIT_data/training/teaching,v126_0018.mp4,699,boy,,train
882,teaching,../data/MIT_data/training/teaching,v126_0090.mp4,700,woman,,train
883,teaching,../data/MIT_data/training/teaching,v126_0090.mp4,700,girl,,train
884,teaching,../data/MIT_data/training/teaching,v126_0068.mp4,701,man,,train
885,teaching,../data/MIT_data/training/teaching,v126_0080.mp4,702,woman,,train
886,teaching,../data/MIT_data/training/teaching,v126_0080.mp4,702,girl,,train
887,teaching,../data/MIT_data/training/teaching,v126_0048.mp4,703,man,,train
888,teaching,../data/MIT_data/training/teaching,v126_0060.mp4,704,man,,train
889,teaching,../data/MIT_data/training/teaching,v126_0004.mp4,705,woman,,train
890,teaching,../data/MIT_data/training/teaching,v126_0004.mp4,705,boy,,train
891,teaching,../data/MIT_data/training/teaching,v126_0015.mp4,706,woman,,train
892,teaching,../data/MIT_data/training/teaching,v126_0015.mp4,706,boy,,train
893,dusting,../data/MIT_data/training/dusting,v291_0074.mp4,707,woman,,train
894,dusting,../data/MIT_data/training/dusting,v291_0072.mp4,708,woman,,train
895,dusting,../data/MIT_data/training/dusting,v291_0080.mp4,709,wood,,train
896,dusting,../data/MIT_data/training/dusting,v291_0079.mp4,710,woman,,train
897,dusting,../data/MIT_data/training/dusting,v291_0090.mp4,711,woman,,train
898,hitchhiking,../data/MIT_data/training/hitchhiking,v060_0080.mp4,712,man,,train
899,hitchhiking,../data/MIT_data/training/hitchhiking,v060_0080.mp4,712,road,,train
900,hitchhiking,../data/MIT_data/training/hitchhiking,v060_0084.mp4,713,woman,,train
901,hitchhiking,../data/MIT_data/training/hitchhiking,v060_0053.mp4,714,man,,train
902,hitchhiking,../data/MIT_data/training/hitchhiking,v060_0053.mp4,714,road,,train
903,hitchhiking,../data/MIT_data/training/hitchhiking,v060_0020.mp4,715,man,,train
904,hitchhiking,../data/MIT_data/training/hitchhiking,v060_0039.mp4,716,man,,train
905,hitchhiking,../data/MIT_data/training/hitchhiking,v060_0039.mp4,716,road,,train
906,hitchhiking,../data/MIT_data/training/hitchhiking,v060_0039.mp4,716,grass,,train
907,hitchhiking,../data/MIT_data/training/hitchhiking,v060_0049.mp4,717,man,,train
908,hitchhiking,../data/MIT_data/training/hitchhiking,v060_0049.mp4,717,woman,,train
909,hitchhiking,../data/MIT_data/training/hitchhiking,v060_0049.mp4,717,road,,train
910,hitchhiking,../data/MIT_data/training/hitchhiking,v060_0071.mp4,718,woman,,train
911,hitchhiking,../data/MIT_data/training/hitchhiking,v060_0064.mp4,719,man,,train
912,drinking,../data/MIT_data/training/drinking,v007_0019.mp4,720,water,,train
913,drinking,../data/MIT_data/training/drinking,v007_0019.mp4,720,woman,,train
914,drinking,../data/MIT_data/training/drinking,v007_0033.mp4,721,woman,,train
915,drinking,../data/MIT_data/training/drinking,v007_0084.mp4,722,man,,train
916,drinking,../data/MIT_data/training/drinking,v007_0047.mp4,723,water,,train
917,drinking,../data/MIT_data/training/drinking,v007_0044.mp4,724,water,,train
918,drinking,../data/MIT_data/training/drinking,v007_0048.mp4,725,water,,train
919,telephoning,../data/MIT_data/training/telephoning,v242_0031.mp4,726,woman,,train
920,telephoning,../data/MIT_data/training/telephoning,v242_0021.mp4,727,man,,train
921,telephoning,../data/MIT_data/training/telephoning,v242_0036.mp4,728,woman,,train
922,telephoning,../data/MIT_data/training/telephoning,v242_0093.mp4,729,crowd,,train
923,telephoning,../data/MIT_data/training/telephoning,v242_0097.mp4,730,man,,train
924,telephoning,../data/MIT_data/training/telephoning,v242_0097.mp4,730,keyboard,,train
925,telephoning,../data/MIT_data/training/telephoning,v242_0013.mp4,731,woman,,train
926,telephoning,../data/MIT_data/training/telephoning,v242_0004.mp4,732,man,,train
927,telephoning,../data/MIT_data/training/telephoning,v242_0014.mp4,733,man,,train
928,climbing,../data/MIT_data/training/climbing,v182_0063.mp4,734,wood,,train
929,climbing,../data/MIT_data/training/climbing,v182_0073.mp4,735,water,,train
930,climbing,../data/MIT_data/training/climbing,v182_0073.mp4,735,woman,,train
931,climbing,../data/MIT_data/training/climbing,v182_0064.mp4,736,hand,,train
932,climbing,../data/MIT_data/training/climbing,v182_0005.mp4,737,hand,,train
933,climbing,../data/MIT_data/training/climbing,v182_0041.mp4,738,crowd,,train
934,climbing,../data/MIT_data/training/climbing,v182_0056.mp4,739,sky,,train
935,climbing,../data/MIT_data/training/climbing,v182_0095.mp4,740,tree,,train
936,swimming,../data/MIT_data/training/swimming,v286_0060.mp4,741,water,,train
937,swimming,../data/MIT_data/training/swimming,v286_0060.mp4,741,woman,,train
938,swimming,../data/MIT_data/training/swimming,v286_0049.mp4,742,water,,train
939,swimming,../data/MIT_data/training/swimming,v286_0026.mp4,743,water,,train
940,swimming,../data/MIT_data/training/swimming,v286_0022.mp4,744,water,,train
941,swimming,../data/MIT_data/training/swimming,v286_0022.mp4,744,woman,,train
942,swimming,../data/MIT_data/training/swimming,v286_0045.mp4,745,water,,train
943,swimming,../data/MIT_data/training/swimming,v286_0096.mp4,746,water,,train
944,swimming,../data/MIT_data/training/swimming,v286_0096.mp4,746,dog,,train
945,erupting,../data/MIT_data/training/erupting,v320_0035.mp4,747,smoke,,train
946,erupting,../data/MIT_data/training/erupting,v320_0009.mp4,748,smoke,,train
947,erupting,../data/MIT_data/training/erupting,v320_0031.mp4,749,smoke,,train
948,erupting,../data/MIT_data/training/erupting,v320_0057.mp4,750,smoke,,train
949,erupting,../data/MIT_data/training/erupting,v320_0046.mp4,751,girl,,train
950,erupting,../data/MIT_data/training/erupting,v320_0062.mp4,752,smoke,,train
951,erupting,../data/MIT_data/training/erupting,v320_0016.mp4,753,sky,,train
952,chewing,../data/MIT_data/training/chewing,v259_0053.mp4,754,man,,train
953,chewing,../data/MIT_data/training/chewing,v259_0095.mp4,755,man,,train
954,chewing,../data/MIT_data/training/chewing,v259_0095.mp4,755,woman,,train
955,chewing,../data/MIT_data/training/chewing,v259_0022.mp4,756,man,,train
956,chewing,../data/MIT_data/training/chewing,v259_0028.mp4,757,baby,,train
957,chewing,../data/MIT_data/training/chewing,v259_0060.mp4,758,dog,,train
958,chewing,../data/MIT_data/training/chewing,v259_0060.mp4,758,grass,,train
959,chewing,../data/MIT_data/training/chewing,v259_0048.mp4,759,woman,,train
960,fueling,../data/MIT_data/training/fueling,v266_0078.mp4,760,water,,train
961,fueling,../data/MIT_data/training/fueling,v266_0083.mp4,761,woman,,train
962,fueling,../data/MIT_data/training/fueling,v266_0096.mp4,762,machine,,train
963,fueling,../data/MIT_data/training/fueling,v266_0024.mp4,763,machine,,train
964,fueling,../data/MIT_data/training/fueling,v266_0024.mp4,763,car,,train
965,fueling,../data/MIT_data/training/fueling,v266_0008.mp4,764,man,,train
966,fueling,../data/MIT_data/training/fueling,v266_0017.mp4,765,man,,train
967,fueling,../data/MIT_data/training/fueling,v266_0017.mp4,765,car,,train
968,fueling,../data/MIT_data/training/fueling,v266_0014.mp4,766,hand,,train
969,autographing,../data/MIT_data/training/autographing,v267_0086.mp4,767,man,,train
970,autographing,../data/MIT_data/training/autographing,v267_0086.mp4,767,woman,,train
971,autographing,../data/MIT_data/training/autographing,v267_0044.mp4,768,hand,,train
972,autographing,../data/MIT_data/training/autographing,v267_0083.mp4,769,man,,train
973,autographing,../data/MIT_data/training/autographing,v267_0031.mp4,770,woman,,train
974,autographing,../data/MIT_data/training/autographing,v267_0026.mp4,771,man,,train
975,autographing,../data/MIT_data/training/autographing,v267_0066.mp4,772,crowd,,train
976,autographing,../data/MIT_data/training/autographing,v267_0064.mp4,773,man,,train
977,autographing,../data/MIT_data/training/autographing,v267_0064.mp4,773,woman,,train
978,autographing,../data/MIT_data/training/autographing,v267_0059.mp4,774,woman,,train
979,tuning,../data/MIT_data/training/tuning,v019_0076.mp4,775,hand,,train
980,tuning,../data/MIT_data/training/tuning,v019_0010.mp4,776,hand,,train
981,tuning,../data/MIT_data/training/tuning,v019_0022.mp4,777,hand,,train
982,tuning,../data/MIT_data/training/tuning,v019_0035.mp4,778,machine,,train
983,tuning,../data/MIT_data/training/tuning,v019_0030.mp4,779,hand,,train
984,tuning,../data/MIT_data/training/tuning,v019_0043.mp4,780,machine,,train
985,tuning,../data/MIT_data/training/tuning,v019_0045.mp4,781,man,,train
986,slapping,../data/MIT_data/training/slapping,v008_0028.mp4,782,man,,train
987,slapping,../data/MIT_data/training/slapping,v008_0005.mp4,783,man,,train
988,slapping,../data/MIT_data/training/slapping,v008_0012.mp4,784,girl,,train
989,slapping,../data/MIT_data/training/slapping,v008_0065.mp4,785,boy,,train
990,slapping,../data/MIT_data/training/slapping,v008_0068.mp4,786,boy,,train
991,slapping,../data/MIT_data/training/slapping,v008_0068.mp4,786,girl,,train
992,slapping,../data/MIT_data/training/slapping,v008_0046.mp4,787,hand,,train
993,slapping,../data/MIT_data/training/slapping,v008_0024.mp4,788,man,,train
994,slapping,../data/MIT_data/training/slapping,v008_0026.mp4,789,man,,train
995,slapping,../data/MIT_data/training/slapping,v008_0026.mp4,789,woman,,train
996,wrapping,../data/MIT_data/training/wrapping,v172_0026.mp4,790,hand,,train
997,wrapping,../data/MIT_data/training/wrapping,v172_0087.mp4,791,woman,,train
998,wrapping,../data/MIT_data/training/wrapping,v172_0087.mp4,791,girl,,train
999,wrapping,../data/MIT_data/training/wrapping,v172_0051.mp4,792,man,,train
1000,wrapping,../data/MIT_data/training/wrapping,v172_0051.mp4,792,hand,,train
1001,wrapping,../data/MIT_data/training/wrapping,v172_0047.mp4,793,woman,,train
1002,wrapping,../data/MIT_data/training/wrapping,v172_0084.mp4,794,machine,,train
1003,wrapping,../data/MIT_data/training/wrapping,v172_0091.mp4,795,man,,train
1004,wrapping,../data/MIT_data/training/wrapping,v172_0058.mp4,796,man,,train
1005,standing,../data/MIT_data/training/standing,v157_0093.mp4,797,water,,train
1006,standing,../data/MIT_data/training/standing,v157_0020.mp4,798,boy,,train
1007,standing,../data/MIT_data/training/standing,v157_0021.mp4,799,man,,train
1008,standing,../data/MIT_data/training/standing,v157_0025.mp4,800,woman,,train
1009,standing,../data/MIT_data/training/standing,v157_0030.mp4,801,man,,train
1010,standing,../data/MIT_data/training/standing,v157_0030.mp4,801,keyboard,,train
1011,standing,../data/MIT_data/training/standing,v157_0038.mp4,802,woman,,train
1012,standing,../data/MIT_data/training/standing,v157_0010.mp4,803,man,,train
1013,standing,../data/MIT_data/training/standing,v157_0076.mp4,804,crowd,,train
1014,standing,../data/MIT_data/training/standing,v157_0076.mp4,804,grass,,train
1015,gardening,../data/MIT_data/training/gardening,v135_0016.mp4,805,hand,,train
1016,gardening,../data/MIT_data/training/gardening,v135_0059.mp4,806,hand,,train
1017,gardening,../data/MIT_data/training/gardening,v135_0064.mp4,807,man,,train
1018,gardening,../data/MIT_data/training/gardening,v135_0064.mp4,807,woman,,train
1019,gardening,../data/MIT_data/training/gardening,v135_0098.mp4,808,hand,,train
1020,gardening,../data/MIT_data/training/gardening,v135_0054.mp4,809,man,,train
1021,gardening,../data/MIT_data/training/gardening,v135_0026.mp4,810,woman,,train
1022,watering,../data/MIT_data/training/watering,v121_0019.mp4,811,water,,train
1023,watering,../data/MIT_data/training/watering,v121_0033.mp4,812,water,,train
1024,watering,../data/MIT_data/training/watering,v121_0014.mp4,813,water,,train
1025,watering,../data/MIT_data/training/watering,v121_0061.mp4,814,water,,train
1026,watering,../data/MIT_data/training/watering,v121_0076.mp4,815,water,,train
1027,watering,../data/MIT_data/training/watering,v121_0072.mp4,816,man,,train
1028,watering,../data/MIT_data/training/watering,v121_0072.mp4,816,grass,,train
1029,watering,../data/MIT_data/training/watering,v121_0073.mp4,817,man,,train
1030,sitting,../data/MIT_data/training/sitting,v106_0073.mp4,818,man,,train
1031,sitting,../data/MIT_data/training/sitting,v106_0073.mp4,818,crowd,,train
1032,sitting,../data/MIT_data/training/sitting,v106_0076.mp4,819,man,,train
1033,sitting,../data/MIT_data/training/sitting,v106_0088.mp4,820,dog,,train
1034,sitting,../data/MIT_data/training/sitting,v106_0039.mp4,821,woman,,train
1035,sitting,../data/MIT_data/training/sitting,v106_0039.mp4,821,crowd,,train
1036,sitting,../data/MIT_data/training/sitting,v106_0007.mp4,822,dog,,train
1037,sitting,../data/MIT_data/training/sitting,v106_0000.mp4,823,dog,,train
1038,sitting,../data/MIT_data/training/sitting,v106_0085.mp4,824,man,,train
1039,sitting,../data/MIT_data/training/sitting,v106_0085.mp4,824,woman,,train
1040,sitting,../data/MIT_data/training/sitting,v106_0040.mp4,825,man,,train
1041,sitting,../data/MIT_data/training/sitting,v106_0040.mp4,825,woman,,train
1042,sewing,../data/MIT_data/training/sewing,v046_0006.mp4,826,woman,,train
1043,sewing,../data/MIT_data/training/sewing,v046_0014.mp4,827,woman,,train
1044,sewing,../data/MIT_data/training/sewing,v046_0086.mp4,828,hand,,train
1045,sewing,../data/MIT_data/training/sewing,v046_0045.mp4,829,hand,,train
1046,sewing,../data/MIT_data/training/sewing,v046_0079.mp4,830,hand,,train
1047,sewing,../data/MIT_data/training/sewing,v046_0078.mp4,831,hand,,train
1048,sewing,../data/MIT_data/training/sewing,v046_0093.mp4,832,hand,,train
1049,diving,../data/MIT_data/training/diving,v090_0063.mp4,833,man,,train
1050,diving,../data/MIT_data/training/diving,v090_0065.mp4,834,woman,,train
1051,diving,../data/MIT_data/training/diving,v090_0018.mp4,835,water,,train
1052,screwing,../data/MIT_data/training/screwing,v058_0044.mp4,836,machine,,train
1053,screwing,../data/MIT_data/training/screwing,v058_0097.mp4,837,man,,train
1054,screwing,../data/MIT_data/training/screwing,v058_0058.mp4,838,man,,train
1055,adult+female+speaking,../data/MIT_data/training/adult+female+speaking,v169_0042.mp4,839,woman,,train
1056,adult+female+speaking,../data/MIT_data/training/adult+female+speaking,v169_0042.mp4,839,boy,,train
1057,adult+female+speaking,../data/MIT_data/training/adult+female+speaking,v169_0057.mp4,840,woman,,train
1058,adult+female+speaking,../data/MIT_data/training/adult+female+speaking,v169_0078.mp4,841,woman,,train
1059,adult+female+speaking,../data/MIT_data/training/adult+female+speaking,v169_0035.mp4,842,girl,,train
1060,adult+female+speaking,../data/MIT_data/training/adult+female+speaking,v169_0034.mp4,843,woman,,train
1061,adult+female+speaking,../data/MIT_data/training/adult+female+speaking,v169_0030.mp4,844,woman,,train
1062,adult+female+speaking,../data/MIT_data/training/adult+female+speaking,v169_0088.mp4,845,woman,,train
1063,adult+female+speaking,../data/MIT_data/training/adult+female+speaking,v169_0073.mp4,846,woman,,train
1064,destroying,../data/MIT_data/training/destroying,v022_0001.mp4,847,grass,,train
1065,destroying,../data/MIT_data/training/destroying,v022_0011.mp4,848,tree,,train
1066,destroying,../data/MIT_data/training/destroying,v022_0077.mp4,849,machine,,train
1067,destroying,../data/MIT_data/training/destroying,v022_0089.mp4,850,smoke,,train
1068,clearing,../data/MIT_data/training/clearing,v189_0073.mp4,851,water,,train
1069,clearing,../data/MIT_data/training/clearing,v189_0073.mp4,851,woman,,train
1070,clearing,../data/MIT_data/training/clearing,v189_0016.mp4,852,water,,train
1071,clearing,../data/MIT_data/training/clearing,v189_0009.mp4,853,wood,,train
1072,clearing,../data/MIT_data/training/clearing,v189_0036.mp4,854,woman,,train
1073,clearing,../data/MIT_data/training/clearing,v189_0026.mp4,855,road,,train
1074,clearing,../data/MIT_data/training/clearing,v189_0024.mp4,856,machine,,train
1075,clearing,../data/MIT_data/training/clearing,v189_0081.mp4,857,machine,,train
1076,clearing,../data/MIT_data/training/clearing,v189_0053.mp4,858,baby,,train
1077,squinting,../data/MIT_data/training/squinting,v306_0006.mp4,859,woman,,train
1078,squinting,../data/MIT_data/training/squinting,v306_0073.mp4,860,woman,,train
1079,squinting,../data/MIT_data/training/squinting,v306_0050.mp4,861,man,,train
1080,squinting,../data/MIT_data/training/squinting,v306_0083.mp4,862,man,,train
1081,squinting,../data/MIT_data/training/squinting,v306_0083.mp4,862,woman,,train
1082,squinting,../data/MIT_data/training/squinting,v306_0097.mp4,863,woman,,train
1083,squinting,../data/MIT_data/training/squinting,v306_0056.mp4,864,baby,,train
1084,squinting,../data/MIT_data/training/squinting,v306_0033.mp4,865,baby,,train
1085,squinting,../data/MIT_data/training/squinting,v306_0023.mp4,866,woman,,train
1086,smelling,../data/MIT_data/training/smelling,v227_0073.mp4,867,dog,,train
1087,smelling,../data/MIT_data/training/smelling,v227_0097.mp4,868,man,,train
1088,smelling,../data/MIT_data/training/smelling,v227_0097.mp4,868,woman,,train
1089,smelling,../data/MIT_data/training/smelling,v227_0096.mp4,869,man,,train
1090,smelling,../data/MIT_data/training/smelling,v227_0078.mp4,870,woman,,train
1091,smelling,../data/MIT_data/training/smelling,v227_0050.mp4,871,woman,,train
1092,smelling,../data/MIT_data/training/smelling,v227_0024.mp4,872,dog,,train
1093,smelling,../data/MIT_data/training/smelling,v227_0033.mp4,873,woman,,train
1094,lifting,../data/MIT_data/training/lifting,v298_0079.mp4,874,man,,train
1095,lifting,../data/MIT_data/training/lifting,v298_0086.mp4,875,machine,,train
1096,lifting,../data/MIT_data/training/lifting,v298_0091.mp4,876,man,,train
1097,lifting,../data/MIT_data/training/lifting,v298_0085.mp4,877,woman,,train
1098,lifting,../data/MIT_data/training/lifting,v298_0088.mp4,878,girl,,train
1099,lifting,../data/MIT_data/training/lifting,v298_0077.mp4,879,man,,train
1100,lifting,../data/MIT_data/training/lifting,v298_0077.mp4,879,woman,,train
1101,lifting,../data/MIT_data/training/lifting,v298_0077.mp4,879,girl,,train
1102,lifting,../data/MIT_data/training/lifting,v298_0015.mp4,880,machine,,train
1103,punting,../data/MIT_data/training/punting,v120_0055.mp4,881,water,,train
1104,punting,../data/MIT_data/training/punting,v120_0055.mp4,881,boat,,train
1105,punting,../data/MIT_data/training/punting,v120_0091.mp4,882,snow,,train
1106,punting,../data/MIT_data/training/punting,v120_0020.mp4,883,man,,train
1107,punting,../data/MIT_data/training/punting,v120_0020.mp4,883,grass,,train
1108,punting,../data/MIT_data/training/punting,v120_0030.mp4,884,man,,train
1109,punting,../data/MIT_data/training/punting,v120_0030.mp4,884,grass,,train
1110,punting,../data/MIT_data/training/punting,v120_0019.mp4,885,grass,,train
1111,punting,../data/MIT_data/training/punting,v120_0006.mp4,886,grass,,train
1112,punting,../data/MIT_data/training/punting,v120_0088.mp4,887,grass,,train
1113,punting,../data/MIT_data/training/punting,v120_0059.mp4,888,grass,,train
1114,bulldozing,../data/MIT_data/training/bulldozing,v131_0037.mp4,889,machine,,train
1115,bulldozing,../data/MIT_data/training/bulldozing,v131_0034.mp4,890,machine,,train
1116,bulldozing,../data/MIT_data/training/bulldozing,v131_0034.mp4,890,grass,,train
1117,bulldozing,../data/MIT_data/training/bulldozing,v131_0030.mp4,891,machine,,train
1118,bulldozing,../data/MIT_data/training/bulldozing,v131_0027.mp4,892,machine,,train
1119,bulldozing,../data/MIT_data/training/bulldozing,v131_0056.mp4,893,machine,,train
1120,bulldozing,../data/MIT_data/training/bulldozing,v131_0080.mp4,894,machine,,train
1121,bulldozing,../data/MIT_data/training/bulldozing,v131_0057.mp4,895,machine,,train
1122,bulldozing,../data/MIT_data/training/bulldozing,v131_0072.mp4,896,machine,,train
1123,preaching,../data/MIT_data/training/preaching,v011_0023.mp4,897,man,,train
1124,preaching,../data/MIT_data/training/preaching,v011_0084.mp4,898,man,,train
1125,preaching,../data/MIT_data/training/preaching,v011_0092.mp4,899,man,,train
1126,preaching,../data/MIT_data/training/preaching,v011_0040.mp4,900,man,,train
1127,preaching,../data/MIT_data/training/preaching,v011_0096.mp4,901,boy,,train
1128,preaching,../data/MIT_data/training/preaching,v011_0041.mp4,902,man,,train
1129,preaching,../data/MIT_data/training/preaching,v011_0094.mp4,903,man,,train
1130,preaching,../data/MIT_data/training/preaching,v011_0010.mp4,904,man,,train
1131,descending,../data/MIT_data/training/descending,v222_0020.mp4,905,man,,train
1132,descending,../data/MIT_data/training/descending,v222_0057.mp4,906,machine,,train
1133,descending,../data/MIT_data/training/descending,v222_0044.mp4,907,boy,,train
1134,descending,../data/MIT_data/training/descending,v222_0060.mp4,908,car,,train
1135,descending,../data/MIT_data/training/descending,v222_0059.mp4,909,water,,train
1136,crashing,../data/MIT_data/training/crashing,v082_0068.mp4,910,car,,train
1137,crashing,../data/MIT_data/training/crashing,v082_0069.mp4,911,smoke,,train
1138,crashing,../data/MIT_data/training/crashing,v082_0082.mp4,912,smoke,,train
1139,crashing,../data/MIT_data/training/crashing,v082_0013.mp4,913,hand,,train
1140,crashing,../data/MIT_data/training/crashing,v082_0012.mp4,914,smoke,,train
1141,crashing,../data/MIT_data/training/crashing,v082_0002.mp4,915,smoke,,train
1142,crashing,../data/MIT_data/training/crashing,v082_0017.mp4,916,car,,train
1143,removing,../data/MIT_data/training/removing,v123_0006.mp4,917,crowd,,train
1144,removing,../data/MIT_data/training/removing,v123_0015.mp4,918,hand,,train
1145,removing,../data/MIT_data/training/removing,v123_0072.mp4,919,sky,,train
1146,removing,../data/MIT_data/training/removing,v123_0076.mp4,920,machine,,train
1147,removing,../data/MIT_data/training/removing,v123_0078.mp4,921,man,,train
1148,removing,../data/MIT_data/training/removing,v123_0078.mp4,921,woman,,train
1149,removing,../data/MIT_data/training/removing,v123_0053.mp4,922,man,,train
1150,removing,../data/MIT_data/training/removing,v123_0053.mp4,922,woman,,train
1151,mopping,../data/MIT_data/training/mopping,v145_0005.mp4,923,machine,,train
1152,mopping,../data/MIT_data/training/mopping,v145_0016.mp4,924,girl,,train
1153,mopping,../data/MIT_data/training/mopping,v145_0023.mp4,925,man,,train
1154,mopping,../data/MIT_data/training/mopping,v145_0085.mp4,926,woman,,train
1155,mopping,../data/MIT_data/training/mopping,v145_0080.mp4,927,dog,,train
1156,mopping,../data/MIT_data/training/mopping,v145_0083.mp4,928,man,,train
1157,mopping,../data/MIT_data/training/mopping,v145_0055.mp4,929,machine,,train
1158,marrying,../data/MIT_data/training/marrying,v212_0063.mp4,930,man,,train
1159,marrying,../data/MIT_data/training/marrying,v212_0063.mp4,930,woman,,train
1160,marrying,../data/MIT_data/training/marrying,v212_0049.mp4,931,man,,train
1161,marrying,../data/MIT_data/training/marrying,v212_0049.mp4,931,woman,,train
1162,marrying,../data/MIT_data/training/marrying,v212_0066.mp4,932,man,,train
1163,marrying,../data/MIT_data/training/marrying,v212_0066.mp4,932,woman,,train
1164,marrying,../data/MIT_data/training/marrying,v212_0056.mp4,933,man,,train
1165,marrying,../data/MIT_data/training/marrying,v212_0056.mp4,933,woman,,train
1166,marrying,../data/MIT_data/training/marrying,v212_0051.mp4,934,man,,train
1167,marrying,../data/MIT_data/training/marrying,v212_0051.mp4,934,woman,,train
1168,marrying,../data/MIT_data/training/marrying,v212_0009.mp4,935,man,,train
1169,marrying,../data/MIT_data/training/marrying,v212_0009.mp4,935,woman,,train
1170,marrying,../data/MIT_data/training/marrying,v212_0020.mp4,936,man,,train
1171,marrying,../data/MIT_data/training/marrying,v212_0020.mp4,936,tree,,train
1172,marrying,../data/MIT_data/training/marrying,v212_0020.mp4,936,woman,,train
1173,marrying,../data/MIT_data/training/marrying,v212_0030.mp4,937,man,,train
1174,marrying,../data/MIT_data/training/marrying,v212_0030.mp4,937,woman,,train
